game_pk,date,away_team,home_team,captured_at,market_total,ml_home,ml_away,rl_line,rl_home,rl_away,sharp_p_home,sharp_total,sharp_p_over
822697,2026-08-11,Chicago Cubs,Washington Nationals,2026-08-11T15:49:47.878430+00:00,9.0,140,-169,-1.5,280,-370,,,
822698,2026-08-12,Chicago Cubs,Washington Nationals,2026-08-12T15:50:23.096845+00:00,9.5,140,-169,1.5,-115,-105,,,
822699,2026-08-07,Cincinnati Reds,Washington Nationals,2026-08-07T15:55:18.264456+00:00,9.0,-120,100,1.5,-189,155,,,
822701,2026-08-08,Cincinnati Reds,Washington Nationals,2026-08-08T15:05:47.745157+00:00,8.5,125,-149,1.5,-141,115,,,
822702,2026-07-29,Toronto Blue Jays,Washington Nationals,2026-07-29T11:49:13.886417+00:00,9.0,100,-120,1.5,-159,130,,,
822703,2026-07-28,Toronto Blue Jays,Washington Nationals,2026-07-28T18:52:53.104141+00:00,9.0,-141,115,1.5,-227,180,,,
822704,2026-07-25,Arizona Diamondbacks,Washington Nationals,2026-07-25T17:25:14.658987+00:00,9.0,-130,110,1.5,-213,170,0.5293519695044473,,
822705,2026-07-27,Toronto Blue Jays,Washington Nationals,2026-07-27T14:54:49.425695+00:00,9.9,-118,80,0.5,45,-78,,,
822706,2026-07-26,Arizona Diamondbacks,Washington Nationals,2026-07-26T15:05:04.506730+00:00,10.0,9,-113,-1.5,-155,131,,,
822707,2026-07-24,Arizona Diamondbacks,Washington Nationals,2026-07-24T14:40:10.555539+00:00,9.5,100,-120,-1.5,185,-233,0.5047244094488189,,
822708,2026-07-12,New York Yankees,Washington Nationals,2026-07-12T15:11:03.698939+00:00,9.5,-115,-105,1.5,-179,150,0.5148839556004037,9.5,0.47531486146095714
822709,2026-07-10,New York Yankees,Washington Nationals,2026-07-10T14:52:35.198073+00:00,10.0,135,-158,-1.5,-117,-13,,,
822711,2026-07-11,New York Yankees,Washington Nationals,2026-07-11T14:02:42.321901+00:00,9.0,160,-196,-1.5,325,-417,0.3663853727144866,9.5,0.44560878243512975
822717,2026-06-25,Philadelphia Phillies,Washington Nationals,2026-06-25T14:02:46.417319+00:00,8.5,155,-189,-1.5,325,-417,0.376155487082247,8.5,0.48511604439959644
822718,2026-06-23,Philadelphia Phillies,Washington Nationals,2026-06-23T14:08:36.363948+00:00,8.5,145,-175,1.5,-115,-105,0.3959893694129017,8.5,0.5148839556004037
822719,2026-06-24,Philadelphia Phillies,Washington Nationals,2026-06-24T16:09:57.178921+00:00,9.5,110,-130,-1.5,200,-244,0.45541082164328656,9.5,0.5246851385390429
822720,2026-06-22,Philadelphia Phillies,Washington Nationals,2026-06-22T20:29:07.854487+00:00,9.5,-125,105,1.5,-196,160,0.5246851385390429,9.5,0.5148839556004037
822721,2026-06-17,Kansas City Royals,Washington Nationals,2026-06-17T14:22:55.804805+00:00,10.5,-141,115,1.5,-204,170,0.5644400297988578,10.5,0.4950770007573845
822725,2026-06-13,Seattle Mariners,Washington Nationals,2026-06-13T03:40:49.697634+00:00,8.9,-109,-107,-0.5,-67,36,,,
822726,2026-06-12,Seattle Mariners,Washington Nationals,2026-06-13T02:57:58.675038+00:00,10.8,,,-6.5,128,-169,,,
822778,2026-08-11,Boston Red Sox,Toronto Blue Jays,2026-08-11T15:49:52.799334+00:00,7.0,-145,120,1.5,-270,210,,,
822779,2026-08-12,Boston Red Sox,Toronto Blue Jays,2026-08-12T15:50:27.290822+00:00,7.0,105,-125,-1.5,220,-286,,,
822780,2026-08-10,Boston Red Sox,Toronto Blue Jays,2026-08-10T13:30:17.591847+00:00,8.0,145,-175,-1.5,280,-370,,,
822781,2026-08-01,St. Louis Cardinals,Toronto Blue Jays,2026-08-01T15:36:27.189073+00:00,8.5,-154,130,1.5,-256,200,,,
822782,2026-07-31,St. Louis Cardinals,Toronto Blue Jays,2026-07-31T10:23:55.475506+00:00,7.5,-169,140,1.5,-312,235,,,
822783,2026-08-02,St. Louis Cardinals,Toronto Blue Jays,2026-08-02T17:31:31.260875+00:00,8.5,-141,115,1.5,-227,180,,,
822784,2026-07-22,Tampa Bay Rays,Toronto Blue Jays,2026-07-22T11:56:26.642611+00:00,8.5,-115,-105,1.5,-189,155,0.48511604439959644,,
822785,2026-07-23,Tampa Bay Rays,Toronto Blue Jays,2026-07-23T14:08:12.363640+00:00,8.5,-110,-110,1.5,-179,145,0.48570679255179655,,
822786,2026-07-19,Chicago White Sox,Toronto Blue Jays,2026-07-19T14:32:07.546146+00:00,8.1,-57,-115,-1.4,-164,139,,,
822787,2026-07-21,Tampa Bay Rays,Toronto Blue Jays,2026-07-21T12:00:55.065860+00:00,7.5,-105,-115,1.5,-175,145,0.48511604439959644,,
822788,2026-07-20,Tampa Bay Rays,Toronto Blue Jays,2026-07-20T17:21:53.106923+00:00,7.5,-164,135,1.5,-303,240,0.5940087676570872,7.5,0.48511604439959644
822789,2026-07-17,Chicago White Sox,Toronto Blue Jays,2026-07-17T15:21:15.740674+00:00,8.5,-130,110,1.5,-222,180,0.5543912175648702,8.5,0.4950770007573845
822790,2026-07-18,Chicago White Sox,Toronto Blue Jays,2026-07-18T14:41:12.941479+00:00,8.6,-112,-104,-1.1,-136,107,,,
822796,2026-06-26,Texas Rangers,Toronto Blue Jays,2026-06-26T14:59:09.940007+00:00,8.5,-105,-115,1.5,-175,145,0.4950770007573845,8.5,0.5049229992426155
822797,2026-06-25,Texas Rangers,Toronto Blue Jays,2026-06-25T14:02:49.964442+00:00,8.0,-154,130,1.5,-263,210,0.5841511285574091,7.5,0.5346733668341708
822798,2026-06-24,Houston Astros,Toronto Blue Jays,2026-06-24T16:10:01.348974+00:00,8.5,-141,115,1.5,-227,185,0.5644400297988578,8.5,0.5049229992426155
822799,2026-06-23,Houston Astros,Toronto Blue Jays,2026-06-23T14:08:22.290073+00:00,8.5,-130,110,1.5,-213,175,0.5543912175648702,8.5,0.5148839556004037
822800,2026-06-22,Houston Astros,Toronto Blue Jays,2026-06-22T20:29:13.293434+00:00,7.0,-130,110,1.5,-222,180,0.5445891783567134,7.5,0.45541082164328656
822802,2026-06-13,New York Yankees,Toronto Blue Jays,2026-06-13T03:40:49.048578+00:00,7.5,106,-127,-1.5,-166,137,,,
822803,2026-06-12,New York Yankees,Toronto Blue Jays,2026-06-13T02:58:00.468567+00:00,7.5,106,-128,-1.5,-165,136,,,
822804,2026-06-10,Philadelphia Phillies,Toronto Blue Jays,2026-06-10T14:23:43.724525+00:00,8.5,115,-141,1.5,-145,120,0.44560878243512975,8.5,0.4950770007573845
822808,2026-06-06,Baltimore Orioles,Toronto Blue Jays,2026-06-06T15:52:58.874986+00:00,8.5,-110,-110,1.5,-175,145,0.5049229992426155,8.5,0.4950770007573845
822810,2026-06-05,Baltimore Orioles,Toronto Blue Jays,2026-06-05T13:22:41.077958+00:00,8.1,-150,128,1.5,138,-164,,,
822862,2026-08-09,Baltimore Orioles,Texas Rangers,2026-08-09T16:27:53.663081+00:00,8.0,-130,110,1.5,-227,180,,,
822863,2026-08-07,Baltimore Orioles,Texas Rangers,2026-08-07T15:55:50.713983+00:00,7.5,-149,125,1.5,-270,210,,,
822864,2026-08-08,Baltimore Orioles,Texas Rangers,2026-08-08T15:06:12.094038+00:00,7.5,-149,125,1.5,-256,200,,,
822865,2026-08-04,San Francisco Giants,Texas Rangers,2026-08-04T12:32:00.858520+00:00,8.0,-204,170,1.5,-370,280,,,
822866,2026-08-05,San Francisco Giants,Texas Rangers,2026-08-05T16:40:18.126491+00:00,8.5,-164,135,1.5,-270,210,,,
822867,2026-08-03,San Francisco Giants,Texas Rangers,2026-08-03T20:15:24.599470+00:00,8.0,-120,100,1.5,-204,165,,,
822868,2026-07-27,Seattle Mariners,Texas Rangers,2026-07-27T14:54:46.029077+00:00,8.0,114,-133,-1.5,-155,132,,,
822869,2026-07-25,Seattle Mariners,Texas Rangers,2026-07-25T17:26:02.446816+00:00,7.5,-105,-115,1.5,-185,150,0.5,,
822870,2026-07-26,Seattle Mariners,Texas Rangers,2026-07-26T15:05:07.262430+00:00,7.0,-110,-106,-0.2,-23,-13,,,
822871,2026-07-21,Chicago White Sox,Texas Rangers,2026-07-21T12:01:15.486350+00:00,8.5,-125,105,1.5,-204,170,0.5445891783567134,,
822872,2026-07-24,Seattle Mariners,Texas Rangers,2026-07-24T14:40:41.585591+00:00,7.5,100,-120,1.5,-169,140,0.48153141008358047,,
822873,2026-07-22,Chicago White Sox,Texas Rangers,2026-07-22T11:56:33.798195+00:00,8.5,-110,-110,1.5,-175,145,0.5048918640576725,,
822874,2026-07-20,Chicago White Sox,Texas Rangers,2026-07-20T17:22:14.711627+00:00,7.5,-169,140,1.5,-278,225,0.6138376825472827,8.5,0.4158488714425908
822875,2026-07-11,Houston Astros,Texas Rangers,2026-07-11T14:02:57.501631+00:00,8.5,-120,100,1.5,-196,160,0.5246851385390429,8.5,0.5049229992426155
822876,2026-07-12,Houston Astros,Texas Rangers,2026-07-12T15:11:26.359825+00:00,9.0,-141,115,1.5,-222,180,0.5543912175648702,8.5,0.5445891783567134
822877,2026-07-09,Los Angeles Angels,Texas Rangers,2026-07-09T13:40:32.465201+00:00,7.0,-141,115,1.5,-244,200,0.5543912175648702,7.5,0.4355599702011423
822878,2026-07-10,Houston Astros,Texas Rangers,2026-07-10T14:52:36.563503+00:00,8.4,119,-140,-1.5,-143,121,,,
822883,2026-06-21,San Diego Padres,Texas Rangers,2026-06-21T15:21:26.102706+00:00,8.0,-154,130,1.5,-263,210,0.5841511285574091,8.5,0.45541082164328656
822884,2026-07-02,Detroit Tigers,Texas Rangers,2026-07-02T15:09:13.350802+00:00,7.0,-120,100,1.5,-200,165,0.5148839556004037,7.5,0.4653266331658291
822887,2026-06-15,Minnesota Twins,Texas Rangers,2026-06-15T14:23:44.802520+00:00,8.0,-169,140,1.5,-286,230,0.6040106305870984,7.5,0.5346733668341708
822888,2026-06-16,Minnesota Twins,Texas Rangers,2026-06-16T18:36:26.092702+00:00,8.5,-130,110,1.5,-213,175,0.5445891783567134,8.5,0.4950770007573845
822889,2026-06-18,Minnesota Twins,Texas Rangers,2026-06-18T17:16:42.423330+00:00,7.5,100,-120,1.5,-164,135,0.47531486146095714,7.5,0.5148839556004037
822891,2026-06-06,Cleveland Guardians,Texas Rangers,2026-06-06T15:53:19.658695+00:00,7.5,-115,-105,1.5,-200,165,0.5148839556004037,7.5,0.5049229992426155
822892,2026-06-05,Cleveland Guardians,Texas Rangers,2026-06-05T23:32:46.913640+00:00,7.5,105,-125,1.5,-154,130,0.4653266331658291,7.5,0.5049229992426155
822943,2026-08-02,Chicago White Sox,Tampa Bay Rays,2026-08-02T17:31:46.758436+00:00,7.5,-145,120,1.5,-256,200,,,
822944,2026-08-01,Chicago White Sox,Tampa Bay Rays,2026-08-01T15:36:33.207205+00:00,7.5,-169,140,1.5,-303,230,,,
822945,2026-07-31,Chicago White Sox,Tampa Bay Rays,2026-07-31T10:23:59.966178+00:00,8.0,-154,130,1.5,-270,210,,,
822946,2026-07-30,Texas Rangers,Tampa Bay Rays,2026-07-30T13:31:17.069741+00:00,7.5,-164,135,-1.5,135,-164,,,
822947,2026-07-29,Texas Rangers,Tampa Bay Rays,2026-07-29T11:49:37.248968+00:00,7.5,-145,120,1.5,-256,200,,,
822948,2026-07-25,Cleveland Guardians,Tampa Bay Rays,2026-07-25T17:25:33.886515+00:00,8.0,-120,100,1.5,-204,165,0.5392802838317284,,
822949,2026-07-28,Texas Rangers,Tampa Bay Rays,2026-07-28T18:52:41.066515+00:00,8.0,-175,145,1.5,-312,235,,,
822950,2026-07-26,Cleveland Guardians,Tampa Bay Rays,2026-07-26T15:05:04.103853+00:00,7.0,-123,107,1.5,175,-211,,,
822951,2026-07-12,Seattle Mariners,Tampa Bay Rays,2026-07-12T15:11:12.067710+00:00,8.0,-145,120,1.5,-244,200,0.5644400297988578,7.5,0.5346733668341708
822952,2026-07-24,Cleveland Guardians,Tampa Bay Rays,2026-07-24T14:40:26.408512+00:00,7.5,-141,115,1.5,-238,190,0.545404963185165,,
822953,2026-07-11,Seattle Mariners,Tampa Bay Rays,2026-07-11T14:02:47.052435+00:00,7.5,-115,-105,1.5,-200,165,0.5049229992426155,7.5,0.45541082164328656
822954,2026-07-09,New York Yankees,Tampa Bay Rays,2026-07-09T13:40:00.209756+00:00,7.5,-164,135,1.5,-286,230,0.5940087676570872,7.5,0.5098139179199592
822955,2026-07-10,Seattle Mariners,Tampa Bay Rays,2026-07-10T14:52:35.803220+00:00,8.0,-114,-58,-0.2,-27,-9,,,
822961,2026-06-25,Kansas City Royals,Tampa Bay Rays,2026-06-25T14:02:32.841126+00:00,8.0,-145,120,1.5,-244,200,0.5644400297988578,8.5,0.47531486146095714
822962,2026-06-26,Arizona Diamondbacks,Tampa Bay Rays,2026-06-26T14:59:17.151838+00:00,8.5,-141,115,1.5,-233,190,0.5543912175648702,8.5,0.5246851385390429
822963,2026-06-23,Kansas City Royals,Tampa Bay Rays,2026-06-23T14:08:29.212117+00:00,8.0,-189,155,1.5,-333,260,0.6336146272855133,7.5,0.5346733668341708
822964,2026-06-22,Kansas City Royals,Tampa Bay Rays,2026-06-22T20:28:57.759875+00:00,7.5,-189,155,1.5,-323,250,0.6238445129177531,7.5,0.48039714867617106
822965,2026-06-24,Kansas City Royals,Tampa Bay Rays,2026-06-24T16:09:52.903786+00:00,7.5,-149,125,1.5,-263,210,0.5743209876543209,7.5,0.5049229992426155
822968,2026-06-21,Washington Nationals,Tampa Bay Rays,2026-06-21T15:20:53.720230+00:00,8.0,-130,110,1.5,-227,185,0.5445891783567134,8.5,0.48511604439959644
822970,2026-06-10,Boston Red Sox,Tampa Bay Rays,2026-06-10T14:23:28.535402+00:00,7.5,-145,120,1.5,-263,210,0.5743209876543209,7.5,0.48511604439959644
823017,2026-08-12,Philadelphia Phillies,St. Louis Cardinals,2026-08-12T15:50:08.218879+00:00,8.0,140,-169,1.5,-125,105,,,
823018,2026-08-10,Philadelphia Phillies,St. Louis Cardinals,2026-08-10T23:19:16.337748+00:00,9.0,100,-120,-1.5,200,-256,,,
823019,2026-08-11,Philadelphia Phillies,St. Louis Cardinals,2026-08-11T15:50:05.282042+00:00,7.5,140,-169,1.5,-120,100,,,
823020,2026-08-09,Colorado Rockies,St. Louis Cardinals,2026-08-09T16:27:49.165680+00:00,9.0,-169,140,1.5,-270,210,,,
823021,2026-08-08,Colorado Rockies,St. Louis Cardinals,2026-08-08T15:06:07.664901+00:00,8.5,-154,130,1.5,-270,210,,,
823022,2026-07-29,Chicago Cubs,St. Louis Cardinals,2026-07-29T11:49:48.763085+00:00,8.0,100,-120,1.5,-169,140,,,
823023,2026-07-30,Chicago Cubs,St. Louis Cardinals,2026-07-30T13:31:25.233576+00:00,8.5,-120,100,-1.5,165,-204,,,
823024,2026-08-07,Colorado Rockies,St. Louis Cardinals,2026-08-07T15:55:46.116272+00:00,8.5,-175,145,1.5,-286,220,,,
823025,2026-07-27,Chicago Cubs,St. Louis Cardinals,2026-07-27T14:54:52.535558+00:00,9.5,80,-118,-1.5,-152,129,,,
823026,2026-07-28,Chicago Cubs,St. Louis Cardinals,2026-07-28T18:53:09.727432+00:00,9.0,-105,-115,1.5,-169,140,,,
823027,2026-07-25,Cincinnati Reds,St. Louis Cardinals,2026-07-25T17:25:58.957752+00:00,8.0,-115,-105,1.5,-189,155,0.5047244094488189,,
823028,2026-07-26,Cincinnati Reds,St. Louis Cardinals,2026-07-26T15:05:06.995653+00:00,8.5,-132,115,1.5,154,-183,,,
823029,2026-07-12,Atlanta Braves,St. Louis Cardinals,2026-07-12T15:11:24.314153+00:00,7.5,-125,105,1.5,-213,175,0.5346733668341708,8.5,0.42567901234567895
823030,2026-07-11,Atlanta Braves,St. Louis Cardinals,2026-07-11T14:03:02.650747+00:00,8.5,100,-120,1.5,-164,135,0.48511604439959644,8.5,0.48511604439959644
823031,2026-07-24,Cincinnati Reds,St. Louis Cardinals,2026-07-24T14:40:50.606698+00:00,8.5,-164,135,1.5,-286,220,0.533965649833376,,
823033,2026-07-10,Atlanta Braves,St. Louis Cardinals,2026-07-10T14:52:37.067217+00:00,8.0,140,-164,-1.5,-126,105,,,
823034,2026-07-09,Milwaukee Brewers,St. Louis Cardinals,2026-07-09T13:40:28.497905+00:00,8.5,115,-141,1.5,-149,125,0.44560878243512975,8.5,0.5049229992426155
823039,2026-06-26,Miami Marlins,St. Louis Cardinals,2026-06-26T15:00:00.586163+00:00,8.0,-115,-105,1.5,-189,155,0.5148839556004037,8.5,0.47531486146095714
823040,2026-06-22,Arizona Diamondbacks,St. Louis Cardinals,2026-06-22T20:29:29.423611+00:00,8.5,-149,125,1.5,-263,210,0.5743209876543209,8.5,0.5049229992426155
823041,2026-06-24,Arizona Diamondbacks,St. Louis Cardinals,2026-06-24T16:10:08.997239+00:00,9.0,-120,100,1.5,-189,155,0.5148839556004037,9.5,0.44560878243512975
823042,2026-07-23,Arizona Diamondbacks,St. Louis Cardinals,2026-07-23T14:08:15.998988+00:00,7.5,-120,100,1.5,-222,175,0.5148839556004037,8.5,0.3959893694129017
823043,2026-06-23,Arizona Diamondbacks,St. Louis Cardinals,2026-06-23T14:08:48.837968+00:00,8.5,-115,-105,-1.5,165,-200,0.5148839556004037,8.5,0.48511604439959644
823044,2026-06-17,San Diego Padres,St. Louis Cardinals,2026-06-17T14:23:07.934761+00:00,10.5,-125,105,1.5,-196,160,0.5445891783567134,10.5,0.47531486146095714
823045,2026-06-16,San Diego Padres,St. Louis Cardinals,2026-06-16T18:36:19.030746+00:00,8.0,-115,-105,1.5,-200,165,0.5148839556004037,8.5,0.4653266331658291
823046,2026-06-15,San Diego Padres,St. Louis Cardinals,2026-06-15T14:23:38.900834+00:00,8.5,-154,130,1.5,-263,210,0.5841511285574091,8.5,0.5
823048,2026-06-06,Cincinnati Reds,St. Louis Cardinals,2026-06-06T15:52:50.417846+00:00,9.0,-125,105,1.5,-204,170,0.5445891783567134,9.5,0.45541082164328656
823049,2026-06-05,Cincinnati Reds,St. Louis Cardinals,2026-06-05T23:32:43.421894+00:00,9.0,-145,120,1.5,-227,185,0.5644400297988578,9.5,0.45541082164328656
823102,2026-08-08,Tampa Bay Rays,Seattle Mariners,2026-08-08T15:06:24.136189+00:00,7.0,-120,100,1.5,-222,175,,,
823103,2026-08-07,Tampa Bay Rays,Seattle Mariners,2026-08-07T15:56:01.923615+00:00,7.0,-120,100,1.5,-213,170,,,
823104,2026-08-09,Tampa Bay Rays,Seattle Mariners,2026-08-09T16:28:02.708912+00:00,7.0,-110,-110,1.5,-204,165,,,
823105,2026-08-06,Detroit Tigers,Seattle Mariners,2026-08-06T16:22:58.200507+00:00,8.0,-125,105,-1.5,155,-189,,,
823106,2026-08-05,Detroit Tigers,Seattle Mariners,2026-08-05T16:40:44.459030+00:00,7.5,-154,130,1.5,-270,210,,,
823107,2026-08-02,Minnesota Twins,Seattle Mariners,2026-08-02T17:32:22.182437+00:00,7.0,-141,115,1.5,-238,190,,,
823108,2026-08-04,Detroit Tigers,Seattle Mariners,2026-08-04T12:32:09.730928+00:00,8.0,-145,120,1.5,-238,190,,,
823109,2026-08-01,Minnesota Twins,Seattle Mariners,2026-08-01T15:36:30.228602+00:00,7.5,-169,140,1.5,-312,235,,,
823110,2026-07-22,Cincinnati Reds,Seattle Mariners,2026-07-22T11:56:10.853687+00:00,8.0,-154,130,1.5,-263,210,0.5644400297988578,,
823111,2026-07-31,Minnesota Twins,Seattle Mariners,2026-07-31T10:24:23.550892+00:00,8.0,-189,155,1.5,-333,250,,,
823112,2026-07-20,Cincinnati Reds,Seattle Mariners,2026-07-20T17:22:26.225260+00:00,7.5,-145,120,1.5,-244,200,0.5743209876543209,8.5,0.42567901234567895
823113,2026-07-19,San Francisco Giants,Seattle Mariners,2026-07-19T14:32:09.523060+00:00,7.0,-193,164,1.5,114,-135,,,
823114,2026-07-21,Cincinnati Reds,Seattle Mariners,2026-07-21T12:01:29.916837+00:00,7.5,-115,-105,1.5,-196,160,0.4950770007573845,,
823115,2026-07-17,San Francisco Giants,Seattle Mariners,2026-07-17T15:21:38.497373+00:00,7.5,-196,160,1.5,-345,275,0.6336146272855133,7.5,0.45541082164328656
823116,2026-07-18,San Francisco Giants,Seattle Mariners,2026-07-18T14:41:14.891857+00:00,7.0,-139,119,1.5,164,-195,,,
823123,2026-06-21,Boston Red Sox,Seattle Mariners,2026-06-21T15:21:55.804952+00:00,6.5,-130,110,1.5,-244,200,0.5346733668341708,6.5,0.5049229992426155
823125,2026-06-18,Baltimore Orioles,Seattle Mariners,2026-06-18T17:16:46.718062+00:00,8.0,-145,120,1.5,-244,200,0.5644400297988578,7.5,0.5148839556004037
823127,2026-06-17,Baltimore Orioles,Seattle Mariners,2026-06-17T14:23:26.260767+00:00,7.5,-130,110,1.5,-222,180,0.5445891783567134,7.5,0.4950770007573845
823128,2026-06-16,Baltimore Orioles,Seattle Mariners,2026-06-16T18:36:36.745186+00:00,7.5,-154,130,1.5,-278,220,0.5940087676570872,7.5,0.5246851385390429
823186,2026-08-11,Houston Astros,San Francisco Giants,2026-08-11T15:50:18.908410+00:00,8.0,155,-189,-1.5,290,-400,,,
823187,2026-08-12,Houston Astros,San Francisco Giants,2026-08-12T15:50:15.700718+00:00,8.5,125,-149,-1.5,235,-312,,,
823188,2026-08-08,Detroit Tigers,San Francisco Giants,2026-08-08T15:06:03.739242+00:00,8.0,-105,-115,1.5,-169,140,,,
823189,2026-08-10,Houston Astros,San Francisco Giants,2026-08-10T23:19:30.472701+00:00,8.0,130,-154,-1.5,235,-312,,,
823190,2026-08-09,Detroit Tigers,San Francisco Giants,2026-08-09T16:27:56.177619+00:00,7.5,105,-125,1.5,-169,140,,,
823191,2026-08-07,Detroit Tigers,San Francisco Giants,2026-08-07T15:56:06.183738+00:00,8.0,115,-141,1.5,-149,125,,,
823192,2026-07-29,Milwaukee Brewers,San Francisco Giants,2026-07-29T11:49:30.975727+00:00,7.5,105,-125,1.5,-164,135,,,
823193,2026-07-28,Milwaukee Brewers,San Francisco Giants,2026-07-28T18:53:31.293258+00:00,7.5,125,-149,1.5,-141,115,,,
823194,2026-07-26,Los Angeles Angels,San Francisco Giants,2026-07-26T15:05:07.432175+00:00,8.5,-105,-110,-0.5,-62,30,,,
823195,2026-07-27,Milwaukee Brewers,San Francisco Giants,2026-07-27T14:54:54.715423+00:00,8.5,115,-134,-1.5,-147,124,,,
823196,2026-07-24,Los Angeles Angels,San Francisco Giants,2026-07-24T14:40:54.651571+00:00,8.0,-169,140,1.5,-312,235,0.5728326612903226,,
823197,2026-07-25,Los Angeles Angels,San Francisco Giants,2026-07-25T17:25:19.169850+00:00,9.0,-125,105,1.5,-200,160,0.5392802838317284,,
823198,2026-07-11,Colorado Rockies,San Francisco Giants,2026-07-11T14:02:39.903558+00:00,8.5,-149,125,1.5,-244,200,0.5743209876543209,8.5,0.5246851385390429
823199,2026-07-12,Colorado Rockies,San Francisco Giants,2026-07-12T15:11:28.406585+00:00,9.0,-145,120,1.5,-233,190,0.5644400297988578,8.5,0.5543912175648702
823200,2026-07-10,Colorado Rockies,San Francisco Giants,2026-07-10T14:52:37.654848+00:00,8.4,-154,131,1.5,139,-165,,,
823201,2026-07-09,Colorado Rockies,San Francisco Giants,2026-07-09T13:40:39.180990+00:00,8.0,-141,115,1.5,-233,190,0.5543912175648702,8.5,0.4757256614436168
823206,2026-06-26,Atlanta Braves,San Francisco Giants,2026-06-26T15:00:04.651046+00:00,8.5,105,-125,1.5,-169,140,0.47531486146095714,7.5,0.5841511285574091
823208,2026-06-24,Athletics,San Francisco Giants,2026-06-24T16:10:16.599167+00:00,8.0,-105,-115,1.5,-169,140,0.4950770007573845,8.5,0.47531486146095714
823209,2026-06-25,Athletics,San Francisco Giants,2026-06-25T14:02:40.376337+00:00,8.0,-130,110,1.5,-227,185,0.5445891783567134,8.5,0.4653266331658291
823210,2026-06-23,Athletics,San Francisco Giants,2026-06-23T14:09:00.119991+00:00,9.0,-120,100,1.5,-200,165,0.5246851385390429,8.5,0.5346733668341708
823211,2026-06-12,Chicago Cubs,San Francisco Giants,2026-06-13T02:58:02.526190+00:00,6.2,-136,37,0.9,105,-164,,,
823212,2026-06-14,Chicago Cubs,San Francisco Giants,2026-06-14T13:30:21.230579+00:00,8.0,-141,115,1.5,-233,190,0.5445891783567134,7.5,0.5346733668341708
823213,2026-06-13,Chicago Cubs,San Francisco Giants,2026-06-13T20:44:28.167301+00:00,8.0,-105,-115,-1.5,190,-233,0.48511604439959644,7.5,0.5246851385390429
823263,2026-08-12,Milwaukee Brewers,San Diego Padres,2026-08-12T15:50:17.508686+00:00,8.0,100,-120,1.5,-179,145,,,
823264,2026-08-11,Milwaukee Brewers,San Diego Padres,2026-08-11T15:50:16.731053+00:00,7.5,105,-125,-1.5,210,-270,,,
823265,2026-08-10,Milwaukee Brewers,San Diego Padres,2026-08-10T23:19:27.669590+00:00,7.0,105,-125,1.5,-169,140,,,
823266,2026-08-07,Houston Astros,San Diego Padres,2026-08-07T15:55:57.743383+00:00,8.5,-115,-105,1.5,-189,155,,,
823267,2026-08-08,Houston Astros,San Diego Padres,2026-08-08T15:05:59.988625+00:00,8.0,-120,100,1.5,-213,170,,,
823268,2026-08-09,Houston Astros,San Diego Padres,2026-08-09T16:28:05.731536+00:00,9.0,-125,105,1.5,-200,160,,,
823269,2026-08-01,San Francisco Giants,San Diego Padres,2026-08-01T15:36:58.265311+00:00,8.5,-149,125,1.5,-256,200,,,
823270,2026-08-02,San Francisco Giants,San Diego Padres,2026-08-02T17:32:18.142536+00:00,8.0,-125,105,1.5,-222,175,,,
823271,2026-07-30,San Francisco Giants,San Diego Padres,2026-07-30T13:31:39.984143+00:00,8.5,-149,125,1.5,-256,200,,,
823272,2026-07-31,San Francisco Giants,San Diego Padres,2026-07-31T10:24:18.442026+00:00,8.5,-149,125,1.5,-256,200,,,
823273,2026-07-29,Colorado Rockies,San Diego Padres,2026-07-29T11:49:34.000415+00:00,8.0,-145,120,1.5,-256,200,,,
823274,2026-07-12,Toronto Blue Jays,San Diego Padres,2026-07-12T15:11:32.563880+00:00,8.5,110,-130,1.5,-154,130,0.4653266331658291,8.5,0.5246851385390429
823275,2026-07-28,Colorado Rockies,San Diego Padres,2026-07-28T18:53:25.801865+00:00,8.5,-227,185,1.5,-400,290,,,
823276,2026-07-11,Toronto Blue Jays,San Diego Padres,2026-07-11T14:03:04.843236+00:00,8.0,-115,-105,1.5,-196,160,0.5049229992426155,8.5,0.46071971616827173
823277,2026-07-09,Arizona Diamondbacks,San Diego Padres,2026-07-09T13:40:35.346355+00:00,9.0,-125,105,1.5,-196,160,0.5346733668341708,8.5,0.5346733668341708
823278,2026-07-10,Toronto Blue Jays,San Diego Padres,2026-07-10T14:52:37.260001+00:00,8.5,-116,11,-0.2,-28,-5,,,
823284,2026-06-24,Atlanta Braves,San Diego Padres,2026-06-24T16:10:12.664990+00:00,8.5,100,-120,-1.5,200,-244,0.47531486146095714,8.5,0.47531486146095714
823286,2026-06-23,Atlanta Braves,San Diego Padres,2026-06-23T14:08:56.465151+00:00,8.5,-105,-115,1.5,-179,150,0.48511604439959644,8.5,0.48511604439959644
823287,2026-06-10,Cincinnati Reds,San Diego Padres,2026-06-10T14:23:32.264934+00:00,8.0,-169,140,1.5,-278,225,0.6040106305870984,8.5,0.47531486146095714
823288,2026-06-22,Atlanta Braves,San Diego Padres,2026-06-22T20:29:39.821592+00:00,7.5,-115,-105,1.5,-196,160,0.5049229992426155,7.5,0.47531486146095714
823292,2026-06-06,New York Mets,San Diego Padres,2026-06-06T15:53:34.185131+00:00,7.5,100,-120,1.5,-169,140,0.4653266331658291,7.5,0.48511604439959644
823293,2026-06-05,New York Mets,San Diego Padres,2026-06-05T23:33:00.871160+00:00,7.0,-125,105,1.5,-227,185,0.5445891783567134,7.5,0.45541082164328656
823345,2026-08-09,New York Mets,Pittsburgh Pirates,2026-08-09T16:27:21.829778+00:00,8.0,-145,120,1.5,-256,200,,,
823348,2026-08-08,New York Mets,Pittsburgh Pirates,2026-08-08T15:05:44.419455+00:00,9.0,-125,105,1.5,-204,165,,,
823349,2026-08-07,New York Mets,Pittsburgh Pirates,2026-08-07T15:55:10.676490+00:00,8.0,-141,115,1.5,-233,185,,,
823350,2026-07-28,Arizona Diamondbacks,Pittsburgh Pirates,2026-07-28T18:52:35.667322+00:00,9.5,-115,-105,1.5,-185,150,,,
823351,2026-07-29,Arizona Diamondbacks,Pittsburgh Pirates,2026-07-29T11:49:10.587538+00:00,8.5,-130,110,1.5,-222,175,,,
823352,2026-07-24,Chicago Cubs,Pittsburgh Pirates,2026-07-24T14:40:06.479964+00:00,8.0,-125,105,-1.5,165,-204,0.5094039735099338,,
823353,2026-07-27,Arizona Diamondbacks,Pittsburgh Pirates,2026-07-27T14:54:47.895190+00:00,9.3,-116,56,0.2,9,-40,,,
823354,2026-07-26,Chicago Cubs,Pittsburgh Pirates,2026-07-26T15:05:04.763104+00:00,8.7,-128,110,1.5,158,-187,,,
823355,2026-07-25,Chicago Cubs,Pittsburgh Pirates,2026-07-25T17:25:37.106024+00:00,7.5,-120,100,1.5,-204,165,0.5445891783567134,,
823356,2026-07-11,Milwaukee Brewers,Pittsburgh Pirates,2026-07-11T14:02:31.473461+00:00,9.0,105,-125,-1.5,210,-263,0.4653266331658291,8.5,0.5445891783567134
823357,2026-07-11,Milwaukee Brewers,Pittsburgh Pirates,2026-07-11T14:02:26.587614+00:00,9.0,105,-125,-1.5,210,-263,,,
823358,2026-07-12,Milwaukee Brewers,Pittsburgh Pirates,2026-07-12T15:10:59.262595+00:00,8.0,-125,105,1.5,-204,170,0.5246851385390429,8.5,0.48039714867617106
823359,2026-07-09,Atlanta Braves,Pittsburgh Pirates,2026-07-09T13:39:53.018559+00:00,9.5,100,-120,1.5,-154,130,0.47531486146095714,9.5,0.5049229992426155
823363,2026-06-26,Cincinnati Reds,Pittsburgh Pirates,2026-06-26T14:58:54.175384+00:00,7.5,-196,160,1.5,-345,265,0.6336146272855133,7.5,0.5049229992426155
823365,2026-06-23,Seattle Mariners,Pittsburgh Pirates,2026-06-23T14:08:25.515713+00:00,8.5,105,-125,1.5,-164,135,0.4653266331658291,8.5,0.5148839556004037
823366,2026-06-25,Seattle Mariners,Pittsburgh Pirates,2026-06-25T14:02:37.070133+00:00,8.5,125,-149,1.5,-141,115,0.42567901234567895,8.5,0.48511604439959644
823367,2026-06-24,Seattle Mariners,Pittsburgh Pirates,2026-06-24T16:09:49.126348+00:00,8.0,-120,100,1.5,-189,155,0.5148839556004037,7.5,0.5346733668341708
823368,2026-06-14,Miami Marlins,Pittsburgh Pirates,2026-06-14T13:29:56.560662+00:00,7.0,-154,130,1.5,-286,230,0.5940087676570872,7.5,0.47531486146095714
823369,2026-06-13,Miami Marlins,Pittsburgh Pirates,2026-06-13T20:44:11.080937+00:00,7.5,-154,130,1.5,-278,220,0.5784630688883363,9.5,0.526335733232285
823370,2026-06-12,Miami Marlins,Pittsburgh Pirates,2026-06-13T02:57:58.294959+00:00,9.0,-142,118,1.5,144,-178,,,
823425,2026-08-09,Toronto Blue Jays,Philadelphia Phillies,2026-08-09T16:27:26.312474+00:00,8.5,-244,200,1.5,-417,310,,,
823426,2026-08-08,Toronto Blue Jays,Philadelphia Phillies,2026-08-08T15:05:39.993787+00:00,9.5,-169,140,1.5,-270,210,,,
823428,2026-08-07,Toronto Blue Jays,Philadelphia Phillies,2026-08-07T15:55:14.194716+00:00,7.5,-222,180,1.5,-370,280,,,
823429,2026-08-05,Washington Nationals,Philadelphia Phillies,2026-08-05T16:40:28.861455+00:00,9.5,-200,165,1.5,-333,250,,,
823430,2026-08-06,Washington Nationals,Philadelphia Phillies,2026-08-06T16:23:00.329413+00:00,9.0,-345,265,1.5,-588,410,,,
823431,2026-08-03,Washington Nationals,Philadelphia Phillies,2026-08-03T20:15:13.815751+00:00,9.0,-154,130,1.5,-256,200,,,
823432,2026-08-04,Washington Nationals,Philadelphia Phillies,2026-08-04T12:31:44.236805+00:00,9.0,-263,210,1.5,-455,325,,,
823433,2026-07-26,New York Yankees,Philadelphia Phillies,2026-07-26T15:05:07.696158+00:00,8.0,-189,160,1.5,117,-138,,,
823434,2026-07-24,New York Yankees,Philadelphia Phillies,2026-07-24T14:40:14.009043+00:00,8.0,-141,115,1.5,-227,180,0.5445891783567134,,
823435,2026-07-25,New York Yankees,Philadelphia Phillies,2026-07-25T17:25:29.936758+00:00,9.0,105,-125,1.5,-159,130,0.46603435016662387,,
823436,2026-07-20,Los Angeles Dodgers,Philadelphia Phillies,2026-07-20T17:21:58.850853+00:00,8.5,-145,120,1.5,-233,190,0.5644400297988578,8.5,0.5049229992426155
823437,2026-07-21,Los Angeles Dodgers,Philadelphia Phillies,2026-07-21T12:00:47.847602+00:00,8.5,-130,110,1.5,-213,175,0.5445891783567134,,
823438,2026-07-22,Los Angeles Dodgers,Philadelphia Phillies,2026-07-22T11:56:22.490014+00:00,9.5,100,-120,1.5,-154,130,0.5048918640576725,,
823439,2026-07-19,New York Mets,Philadelphia Phillies,2026-07-19T14:32:08.163051+00:00,8.6,112,-131,-1.5,-148,125,,,
823441,2026-07-18,New York Mets,Philadelphia Phillies,2026-07-18T14:41:13.384975+00:00,8.5,-172,147,1.5,119,-141,,,
823442,2026-07-02,Pittsburgh Pirates,Philadelphia Phillies,2026-07-02T15:08:52.247893+00:00,10.5,-130,110,1.5,-196,160,0.5445891783567134,10.5,0.4950770007573845
823444,2026-06-29,Pittsburgh Pirates,Philadelphia Phillies,2026-06-29T19:07:12.654369+00:00,9.0,-110,-110,1.5,-179,150,0.5049229992426155,8.5,0.5346733668341708
823445,2026-06-30,Pittsburgh Pirates,Philadelphia Phillies,2026-06-30T11:49:14.611971+00:00,8.5,-233,190,1.5,-400,310,0.6930182599355531,8.5,0.4950770007573845
823446,2026-07-01,Pittsburgh Pirates,Philadelphia Phillies,2026-07-01T12:38:11.123283+00:00,8.0,-141,115,1.5,-233,190,0.5644400297988578,7.5,0.5346733668341708
823450,2026-06-17,Miami Marlins,Philadelphia Phillies,2026-06-17T14:22:58.650103+00:00,9.5,-115,-105,1.5,-189,155,0.5246851385390429,9.5,0.47531486146095714
823451,2026-06-16,Miami Marlins,Philadelphia Phillies,2026-06-16T18:36:03.151779+00:00,8.5,-175,145,1.5,-303,240,0.6138376825472827,8.5,0.47531486146095714
823452,2026-06-15,Miami Marlins,Philadelphia Phillies,2026-06-15T14:23:34.319941+00:00,8.0,-200,165,1.5,-345,275,0.653476669716377,7.5,0.5346733668341708
823454,2026-06-06,Chicago White Sox,Philadelphia Phillies,2026-06-06T15:53:02.804484+00:00,10.0,-141,115,1.5,-204,170,0.5543912175648702,10.5,0.46071971616827173
823455,2026-06-05,Chicago White Sox,Philadelphia Phillies,2026-06-05T23:32:38.676898+00:00,10.0,-130,110,1.5,-204,170,0.5426356589147286,10.0,0.4895287958115184
823511,2026-08-12,Seattle Mariners,New York Yankees,2026-08-12T15:50:25.239276+00:00,8.5,-130,110,1.5,-222,175,,,
823512,2026-08-11,Seattle Mariners,New York Yankees,2026-08-11T15:49:50.512932+00:00,8.0,-130,110,1.5,-233,185,,,
823513,2026-08-09,Atlanta Braves,New York Yankees,2026-08-09T16:27:30.033237+00:00,8.5,-145,120,1.5,-238,190,,,
823514,2026-08-08,Atlanta Braves,New York Yankees,2026-08-08T15:05:29.597834+00:00,7.5,120,-145,1.5,-149,125,,,
823515,2026-08-07,Atlanta Braves,New York Yankees,2026-08-07T15:55:22.064200+00:00,8.0,-141,115,-1.5,145,-179,,,
823516,2026-08-05,St. Louis Cardinals,New York Yankees,2026-08-05T16:40:31.536951+00:00,8.5,-164,135,1.5,-270,210,,,
823517,2026-08-04,St. Louis Cardinals,New York Yankees,2026-08-04T12:31:46.694434+00:00,8.5,-175,145,1.5,-303,230,,,
823518,2026-07-22,Pittsburgh Pirates,New York Yankees,2026-07-22T11:55:32.600017+00:00,9.5,-175,145,1.5,-278,225,0.5743209876543209,,
823519,2026-07-22,Pittsburgh Pirates,New York Yankees,2026-07-22T11:55:38.548556+00:00,8.5,-169,140,1.5,-278,220,0.5743209876543209,,
823520,2026-08-03,St. Louis Cardinals,New York Yankees,2026-08-03T20:15:16.876485+00:00,8.0,-213,175,1.5,-400,290,,,
823521,2026-07-19,Los Angeles Dodgers,New York Yankees,2026-07-19T14:32:07.897932+00:00,8.5,0,-116,-0.8,-77,50,,,
823522,2026-07-20,Pittsburgh Pirates,New York Yankees,2026-07-20T17:21:50.334818+00:00,8.0,-115,-105,1.5,-196,160,0.5246851385390429,8.5,0.42567901234567895
823523,2026-07-19,Los Angeles Dodgers,New York Yankees,2026-07-19T14:32:07.758230+00:00,7.7,109,-126,-1.5,-161,136,,,
823524,2026-07-17,Los Angeles Dodgers,New York Yankees,2026-07-17T15:21:09.031959+00:00,9.0,-110,-110,1.5,-175,145,0.4950770007573845,9.5,0.4355599702011423
823538,2026-06-05,Boston Red Sox,New York Yankees,2026-06-05T23:32:38.971831+00:00,8.5,-141,115,1.5,-233,190,0.5445891783567134,8.5,0.5049229992426155
823539,2026-06-06,Boston Red Sox,New York Yankees,2026-06-06T15:53:23.239655+00:00,8.5,-120,100,1.5,-200,165,0.5148839556004037,8.5,0.4950770007573845
823592,2026-08-02,Miami Marlins,New York Mets,2026-08-02T17:31:51.186331+00:00,8.5,100,-120,1.5,-164,135,,,
823593,2026-07-31,Miami Marlins,New York Mets,2026-07-31T10:24:02.880347+00:00,8.5,-125,105,1.5,-222,175,,,
823594,2026-08-01,Miami Marlins,New York Mets,2026-08-01T15:36:35.752560+00:00,9.0,-130,110,1.5,-213,170,,,
823595,2026-07-30,Miami Marlins,New York Mets,2026-07-30T13:31:30.615369+00:00,7.0,-130,110,1.5,-233,185,,,
823596,2026-07-29,Atlanta Braves,New York Mets,2026-07-29T11:49:19.808942+00:00,8.0,110,-130,-1.5,210,-270,,,
823597,2026-07-27,Atlanta Braves,New York Mets,2026-07-27T14:54:51.026652+00:00,8.5,34,-117,-1.5,-169,143,,,
823598,2026-07-29,Atlanta Braves,New York Mets,2026-07-29T11:49:25.262210+00:00,7.5,125,-149,-1.5,260,-345,,,
823599,2026-07-26,Los Angeles Dodgers,New York Mets,2026-07-26T15:05:05.735968+00:00,8.7,129,-149,-1.5,-128,85,,,
823600,2026-07-25,Los Angeles Dodgers,New York Mets,2026-07-25T17:25:54.648950+00:00,7.5,130,-154,1.5,-135,110,0.3980750246791707,,
823601,2026-07-24,Los Angeles Dodgers,New York Mets,2026-07-24T14:40:21.744462+00:00,9.0,125,-149,1.5,-125,105,0.46603435016662387,,
823602,2026-07-12,Boston Red Sox,New York Mets,2026-07-12T15:11:09.569195+00:00,8.0,-105,-115,1.5,-179,150,0.4950770007573845,8.5,0.4653266331658291
823603,2026-07-11,Boston Red Sox,New York Mets,2026-07-11T14:02:45.041546+00:00,8.0,-154,130,1.5,-278,220,0.5841511285574091,8.5,0.48511604439959644
823604,2026-07-10,Boston Red Sox,New York Mets,2026-07-10T14:52:36.197502+00:00,7.5,-136,116,1.5,154,-183,,,
823606,2026-07-09,Kansas City Royals,New York Mets,2026-07-09T13:39:56.717231+00:00,9.0,-145,120,1.5,-233,190,0.5743209876543209,9.5,0.4653266331658291
823616,2026-06-13,Atlanta Braves,New York Mets,2026-06-13T03:40:51.392691+00:00,8.3,-113,-106,-1.5,-196,157,,,
823617,2026-06-12,Atlanta Braves,New York Mets,2026-06-13T02:58:00.163540+00:00,11.5,-7200,1398,3.5,-158,119,,,
823672,2026-08-12,Baltimore Orioles,Minnesota Twins,2026-08-12T15:50:05.376249+00:00,9.0,-110,-110,1.5,-179,145,,,
823673,2026-08-11,Baltimore Orioles,Minnesota Twins,2026-08-11T15:49:59.928315+00:00,9.5,-115,-105,1.5,-185,150,,,
823674,2026-07-30,Kansas City Royals,Minnesota Twins,2026-07-30T13:31:19.629925+00:00,9.0,-141,115,1.5,-222,175,,,
823675,2026-08-10,Baltimore Orioles,Minnesota Twins,2026-08-10T23:19:13.360110+00:00,8.0,-115,-105,-1.5,175,-222,,,
823676,2026-07-28,Kansas City Royals,Minnesota Twins,2026-07-28T18:52:58.692425+00:00,9.0,-175,145,1.5,-303,230,,,
823677,2026-07-29,Kansas City Royals,Minnesota Twins,2026-07-29T11:49:42.728836+00:00,8.5,-175,145,1.5,-303,230,,,
823678,2026-07-26,Athletics,Minnesota Twins,2026-07-26T15:05:06.253462+00:00,9.8,-157,135,1.5,128,-151,,,
823679,2026-07-25,Athletics,Minnesota Twins,2026-07-25T17:25:44.655083+00:00,10.5,-154,130,1.5,-256,200,0.5940087676570872,,
823680,2026-07-24,Athletics,Minnesota Twins,2026-07-24T14:40:45.992258+00:00,9.5,-141,115,1.5,-227,180,0.5392802838317284,,
823681,2026-07-12,Los Angeles Angels,Minnesota Twins,2026-07-12T15:11:20.225730+00:00,9.0,-130,110,1.5,-213,175,0.5543912175648702,9.5,0.4653266331658291
823682,2026-07-11,Los Angeles Angels,Minnesota Twins,2026-07-11T14:02:35.824849+00:00,9.0,-175,145,1.5,-303,240,0.6138376825472827,9.5,0.4355599702011423
823683,2026-07-09,Cleveland Guardians,Minnesota Twins,2026-07-09T13:40:08.421028+00:00,8.5,110,-130,1.5,-149,125,0.45541082164328656,8.5,0.5148839556004037
823685,2026-07-10,Los Angeles Angels,Minnesota Twins,2026-07-10T14:52:36.802887+00:00,9.5,-130,111,1.5,155,-184,,,
823688,2026-06-26,Colorado Rockies,Minnesota Twins,2026-06-26T14:59:51.418168+00:00,9.0,-169,140,1.5,-278,220,0.6040106305870984,9.5,0.4653266331658291
823693,2026-06-14,St. Louis Cardinals,Minnesota Twins,2026-06-14T13:30:12.536313+00:00,9.0,-115,-105,1.5,-179,150,0.5049229992426155,9.5,0.4653266331658291
823694,2026-06-13,St. Louis Cardinals,Minnesota Twins,2026-06-13T20:44:08.262216+00:00,8.5,-115,-105,1.5,-196,160,0.5145356315924878,8.5,0.5242743385563832
823695,2026-06-12,St. Louis Cardinals,Minnesota Twins,2026-06-13T02:58:01.649596+00:00,14.9,201,-492,-1.5,102,-245,,,
823697,2026-06-06,Kansas City Royals,Minnesota Twins,2026-06-06T15:52:46.410870+00:00,8.5,-145,120,1.5,-244,200,0.5743209876543209,8.5,0.48039714867617106
823698,2026-06-04,Kansas City Royals,Minnesota Twins,2026-06-05T22:50:07.203524+00:00,8.5,-115,-105,1.5,-189,155,0.5148839556004037,8.5,0.5148839556004037
823699,2026-06-05,Kansas City Royals,Minnesota Twins,2026-06-05T23:32:50.337503+00:00,8.5,-115,-105,1.5,-189,155,0.5148839556004037,8.5,0.5148839556004037
823750,2026-08-07,Minnesota Twins,Milwaukee Brewers,2026-08-07T15:55:36.329954+00:00,8.0,-175,145,1.5,-303,230,,,
823751,2026-08-09,Minnesota Twins,Milwaukee Brewers,2026-08-09T16:27:45.611955+00:00,7.0,-278,220,1.5,-556,380,,,
823752,2026-08-08,Minnesota Twins,Milwaukee Brewers,2026-08-08T15:05:55.714490+00:00,8.0,-145,120,1.5,-256,200,,,
823753,2026-08-05,Pittsburgh Pirates,Milwaukee Brewers,2026-08-05T16:40:40.513610+00:00,7.0,-130,110,1.5,-233,185,,,
823754,2026-08-06,Pittsburgh Pirates,Milwaukee Brewers,2026-08-06T16:22:53.014011+00:00,7.5,-125,105,1.5,-222,175,,,
823755,2026-07-26,Colorado Rockies,Milwaukee Brewers,2026-07-26T15:05:06.721100+00:00,7.6,-345,282,1.6,-128,106,,,
823756,2026-08-04,Pittsburgh Pirates,Milwaukee Brewers,2026-08-04T12:31:55.950101+00:00,7.5,-164,135,1.5,-286,220,,,
823757,2026-08-03,Pittsburgh Pirates,Milwaukee Brewers,2026-08-03T20:15:19.678088+00:00,8.5,-149,125,1.5,-256,200,,,
823758,2026-07-25,Colorado Rockies,Milwaukee Brewers,2026-07-25T17:25:51.242928+00:00,9.0,-233,190,1.5,-400,290,0.6504331538281433,,
823759,2026-07-24,Colorado Rockies,Milwaukee Brewers,2026-07-24T14:39:59.550777+00:00,8.5,-244,200,1.5,-417,310,0.6336146272855133,,
823760,2026-07-21,New York Mets,Milwaukee Brewers,2026-07-21T12:01:09.090898+00:00,9.0,-145,120,1.5,-244,200,0.5644400297988578,,
823761,2026-07-22,New York Mets,Milwaukee Brewers,2026-07-22T11:55:58.421619+00:00,7.5,-145,120,1.5,-244,200,0.5743209876543209,,
823762,2026-07-20,New York Mets,Milwaukee Brewers,2026-07-20T17:22:08.496573+00:00,7.5,-213,175,1.5,-370,290,0.653476669716377,7.5,0.5148839556004037
823763,2026-07-18,Miami Marlins,Milwaukee Brewers,2026-07-18T14:41:14.695766+00:00,8.0,-143,123,1.5,148,-176,,,
823764,2026-07-19,Miami Marlins,Milwaukee Brewers,2026-07-19T14:32:08.844787+00:00,8.0,-127,109,1.5,161,-192,,,
823765,2026-07-02,Cincinnati Reds,Milwaukee Brewers,2026-07-02T15:08:56.725388+00:00,7.0,-200,165,1.5,-345,265,0.643651529193698,6.5,0.5644400297988578
823766,2026-07-17,Miami Marlins,Milwaukee Brewers,2026-07-17T15:21:17.924871+00:00,8.0,-149,125,1.5,-263,210,0.5841511285574091,8.5,0.47064803049555276
823767,2026-07-01,Cincinnati Reds,Milwaukee Brewers,2026-07-01T12:38:21.839887+00:00,8.5,-164,135,1.5,-278,220,0.6040106305870984,8.5,0.5246851385390429
823768,2026-06-30,Cincinnati Reds,Milwaukee Brewers,2026-06-30T11:49:26.222324+00:00,8.5,-175,145,1.5,-303,240,0.6138376825472827,8.5,0.5346733668341708
823771,2026-06-29,Cincinnati Reds,Milwaukee Brewers,2026-06-29T19:07:26.021877+00:00,9.0,-141,115,1.5,-227,185,0.5644400297988578,8.5,0.5543912175648702
823772,2026-06-18,Cleveland Guardians,Milwaukee Brewers,2026-06-18T17:16:38.783137+00:00,7.5,-149,125,1.5,-263,210,0.5743209876543209,7.5,0.48511604439959644
823773,2026-06-26,Chicago Cubs,Milwaukee Brewers,2026-06-26T14:59:48.293406+00:00,7.0,-263,210,1.5,-476,360,0.7030162412993038,7.5,0.4653266331658291
823774,2026-06-17,Cleveland Guardians,Milwaukee Brewers,2026-06-17T14:23:17.245943+00:00,7.5,-125,105,1.5,-213,175,0.5445891783567134,7.5,0.5049229992426155
823775,2026-06-16,Cleveland Guardians,Milwaukee Brewers,2026-06-16T18:36:16.222629+00:00,8.0,-154,130,1.5,-263,210,0.5940087676570872,8.5,0.4653266331658291
823776,2026-06-13,Philadelphia Phillies,Milwaukee Brewers,2026-06-13T20:44:18.372557+00:00,8.0,-169,140,1.5,-303,240,0.6040106305870984,8.5,0.4950770007573845
823777,2026-06-14,Philadelphia Phillies,Milwaukee Brewers,2026-06-14T13:30:15.645582+00:00,6.5,100,-120,1.5,-179,150,0.47531486146095714,6.5,0.5246851385390429
823778,2026-06-12,Philadelphia Phillies,Milwaukee Brewers,2026-06-13T02:58:01.066853+00:00,8.0,-141,120,1.5,158,-188,,,
823832,2026-08-11,Pittsburgh Pirates,Miami Marlins,2026-08-11T15:49:45.754908+00:00,7.0,100,-120,1.5,-179,145,,,
823833,2026-08-12,Pittsburgh Pirates,Miami Marlins,2026-08-12T15:50:21.005733+00:00,8.0,-115,-105,1.5,-189,155,,,
823834,2026-08-08,Los Angeles Angels,Miami Marlins,2026-08-08T15:05:36.389540+00:00,7.5,-154,130,1.5,-286,220,,,
823835,2026-08-09,Los Angeles Angels,Miami Marlins,2026-08-09T16:27:34.048821+00:00,8.0,-145,120,1.5,-256,200,,,
823836,2026-08-07,Los Angeles Angels,Miami Marlins,2026-08-07T15:55:28.861583+00:00,8.5,-149,125,1.5,-256,200,,,
823837,2026-07-29,Philadelphia Phillies,Miami Marlins,2026-07-29T11:49:07.364390+00:00,7.5,150,-179,1.5,-115,-105,,,
823838,2026-07-28,Philadelphia Phillies,Miami Marlins,2026-07-28T18:52:46.670848+00:00,8.0,-115,-105,1.5,-189,155,,,
823839,2026-07-27,Philadelphia Phillies,Miami Marlins,2026-07-27T14:54:48.684835+00:00,7.5,155,-181,-1.5,-111,-86,,,
823840,2026-07-26,San Diego Padres,Miami Marlins,2026-07-26T15:05:05.969814+00:00,8.6,-127,110,1.5,160,-191,,,
823841,2026-07-25,San Diego Padres,Miami Marlins,2026-07-25T17:25:26.556328+00:00,8.0,-145,120,1.5,-238,190,0.5445891783567134,,
823842,2026-07-12,Cleveland Guardians,Miami Marlins,2026-07-12T15:11:17.649368+00:00,8.0,-115,-105,1.5,-196,160,0.4950770007573845,7.5,0.533965649833376
823843,2026-07-24,San Diego Padres,Miami Marlins,2026-07-24T14:40:30.047505+00:00,9.0,-141,115,1.5,-227,180,0.5728326612903226,,
823844,2026-07-11,Cleveland Guardians,Miami Marlins,2026-07-11T14:02:49.767290+00:00,8.0,-149,125,1.5,-263,210,0.5743209876543209,7.5,0.5148839556004037
823845,2026-07-10,Cleveland Guardians,Miami Marlins,2026-07-10T14:52:35.981585+00:00,7.1,-119,80,0.5,47,-86,,,
823846,2026-07-09,Seattle Mariners,Miami Marlins,2026-07-09T13:40:19.477074+00:00,8.0,115,-141,-1.5,240,-303,0.44560878243512975,8.5,0.4653266331658291
823849,2026-06-23,Texas Rangers,Miami Marlins,2026-06-23T14:08:32.643316+00:00,8.0,-164,135,1.5,-278,220,0.5940087676570872,8.5,0.4950770007573845
823850,2026-06-24,Texas Rangers,Miami Marlins,2026-06-24T16:09:33.431073+00:00,7.5,100,-120,-1.5,220,-278,0.47531486146095714,7.5,0.4950770007573845
823851,2026-06-22,Texas Rangers,Miami Marlins,2026-06-22T20:29:02.831743+00:00,8.5,-141,115,1.5,-227,185,0.5445891783567134,8.5,0.4950770007573845
823852,2026-06-21,San Francisco Giants,Miami Marlins,2026-06-21T15:21:06.241565+00:00,8.0,120,-145,-1.5,240,-303,0.4355599702011423,8.5,0.47531486146095714
823855,2026-06-11,Arizona Diamondbacks,Miami Marlins,2026-06-11T15:06:19.886241+00:00,8.5,-120,100,1.5,-200,165,0.5246851385390429,8.5,0.5148839556004037
823856,2026-06-10,Arizona Diamondbacks,Miami Marlins,2026-06-10T14:23:41.223837+00:00,8.5,-105,-115,1.5,-175,145,0.4950770007573845,8.5,0.48511604439959644
823859,2026-06-06,Tampa Bay Rays,Miami Marlins,2026-06-06T15:53:16.898683+00:00,7.5,110,-130,1.5,-149,125,0.45541082164328656,7.5,0.5148839556004037
823860,2026-06-05,Tampa Bay Rays,Miami Marlins,2026-06-05T23:07:26.416463+00:00,8.0,110,-130,1.5,-154,130,0.45541082164328656,7.5,0.5049229992426155
823916,2026-08-12,Kansas City Royals,Los Angeles Dodgers,2026-08-12T15:50:34.149331+00:00,9.0,-222,180,1.5,-370,280,,,
823917,2026-08-11,Kansas City Royals,Los Angeles Dodgers,2026-08-11T15:50:20.947282+00:00,8.5,-278,225,1.5,-500,350,,,
823918,2026-08-10,Kansas City Royals,Los Angeles Dodgers,2026-08-10T23:19:33.385575+00:00,7.0,-286,230,1.5,-556,380,,,
823919,2026-08-02,Boston Red Sox,Los Angeles Dodgers,2026-08-02T17:32:26.685406+00:00,8.5,-179,150,1.5,-312,235,,,
823920,2026-08-01,Boston Red Sox,Los Angeles Dodgers,2026-08-01T15:37:01.793706+00:00,7.5,-169,140,1.5,-303,230,,,
823921,2026-07-30,Seattle Mariners,Los Angeles Dodgers,2026-07-30T13:31:43.066901+00:00,9.0,-154,130,1.5,-256,200,,,
823922,2026-07-31,Boston Red Sox,Los Angeles Dodgers,2026-07-31T10:24:20.716531+00:00,8.5,-115,-105,1.5,-185,150,,,
823923,2026-07-28,Seattle Mariners,Los Angeles Dodgers,2026-07-28T18:53:36.116516+00:00,9.5,-189,155,1.5,-312,235,,,
823924,2026-07-29,Seattle Mariners,Los Angeles Dodgers,2026-07-29T11:49:58.001744+00:00,9.5,-149,125,1.5,-256,200,,,
823925,2026-07-12,Arizona Diamondbacks,Los Angeles Dodgers,2026-07-12T15:11:30.427060+00:00,9.5,-227,185,1.5,-370,290,0.6632837167343256,9.5,0.47531486146095714
823926,2026-07-11,Arizona Diamondbacks,Los Angeles Dodgers,2026-07-11T14:03:06.853323+00:00,9.0,-286,230,1.5,-476,360,0.7128385362828199,9.5,0.42567901234567895
823927,2026-07-10,Arizona Diamondbacks,Los Angeles Dodgers,2026-07-10T14:52:37.509413+00:00,8.5,-259,215,1.5,-118,-12,,,
823942,2026-06-06,Los Angeles Angels,Los Angeles Dodgers,2026-06-06T15:53:30.488423+00:00,8.5,-370,290,1.5,-667,460,0.7623490669593852,8.5,0.5148839556004037
823943,2026-06-05,Los Angeles Angels,Los Angeles Dodgers,2026-06-05T23:33:04.499126+00:00,8.0,-200,165,1.5,-345,265,0.643651529193698,8.5,0.47064803049555276
823994,2026-08-12,Texas Rangers,Los Angeles Angels,2026-08-12T15:50:36.261486+00:00,8.5,115,-141,-1.5,220,-286,,,
823996,2026-08-02,Milwaukee Brewers,Los Angeles Angels,2026-08-02T17:32:09.549516+00:00,7.5,185,-227,-1.5,380,-556,,,
823997,2026-08-11,Texas Rangers,Los Angeles Angels,2026-08-11T15:50:08.119381+00:00,9.0,120,-145,-1.5,230,-303,,,
823998,2026-08-10,Texas Rangers,Los Angeles Angels,2026-08-10T23:19:19.299138+00:00,7.5,-105,-115,-1.5,200,-256,,,
823999,2026-07-31,Milwaukee Brewers,Los Angeles Angels,2026-07-31T10:24:13.426580+00:00,9.0,140,-169,-1.5,260,-345,,,
824000,2026-08-01,Milwaukee Brewers,Los Angeles Angels,2026-08-01T15:37:05.138384+00:00,8.5,100,-120,-1.5,190,-238,,,
824001,2026-07-27,Houston Astros,Los Angeles Angels,2026-07-27T14:54:53.244321+00:00,8.5,-58,-113,-1.5,-171,144,,,
824002,2026-07-29,Houston Astros,Los Angeles Angels,2026-07-29T11:49:51.658020+00:00,10.0,115,-141,-1.5,210,-270,,,
824003,2026-07-28,Houston Astros,Los Angeles Angels,2026-07-28T18:53:15.843097+00:00,8.5,-110,-110,1.5,-179,145,,,
824004,2026-07-22,St. Louis Cardinals,Los Angeles Angels,2026-07-22T11:56:15.350986+00:00,9.0,-120,100,-1.5,160,-196,0.5148839556004037,,
824005,2026-07-21,St. Louis Cardinals,Los Angeles Angels,2026-07-21T12:01:25.053512+00:00,9.0,-105,-115,-1.5,180,-222,0.5049229992426155,,
824006,2026-07-20,St. Louis Cardinals,Los Angeles Angels,2026-07-20T17:22:29.339751+00:00,9.0,-110,-110,1.5,-179,150,0.5049229992426155,9.5,0.44560878243512975
824007,2026-07-19,Detroit Tigers,Los Angeles Angels,2026-07-19T14:32:09.384355+00:00,9.3,132,-154,-1.5,-124,104,,,
824008,2026-07-18,Detroit Tigers,Los Angeles Angels,2026-07-18T14:41:15.552452+00:00,8.0,165,-194,-1.5,-104,-115,,,
824009,2026-07-17,Detroit Tigers,Los Angeles Angels,2026-07-17T15:21:31.588938+00:00,8.5,-105,-115,1.5,-169,140,0.4950770007573845,8.5,0.4950770007573845
824019,2026-06-13,Tampa Bay Rays,Los Angeles Angels,2026-06-13T03:40:53.396133+00:00,8.0,-107,-112,-1.5,-184,149,,,
824020,2026-06-12,Tampa Bay Rays,Los Angeles Angels,2026-06-13T02:58:01.926467+00:00,9.6,-437,301,1.7,-104,66,,,
824078,2026-08-09,Chicago Cubs,Kansas City Royals,2026-08-09T16:27:37.854521+00:00,10.5,140,-169,-1.5,250,-333,,,
824079,2026-08-08,Chicago Cubs,Kansas City Royals,2026-08-08T15:05:51.748415+00:00,9.0,140,-169,-1.5,260,-345,,,
824080,2026-08-06,Minnesota Twins,Kansas City Royals,2026-08-06T16:23:07.033907+00:00,9.0,-125,105,1.5,-204,165,,,
824081,2026-08-07,Chicago Cubs,Kansas City Royals,2026-08-07T15:55:41.101855+00:00,9.5,140,-169,-1.5,260,-345,,,
824082,2026-08-05,Minnesota Twins,Kansas City Royals,2026-08-05T16:40:38.343822+00:00,8.5,-120,100,1.5,-200,160,,,
824083,2026-07-22,San Francisco Giants,Kansas City Royals,2026-07-22T11:55:54.205323+00:00,9.0,100,-120,1.5,-164,135,0.4950770007573845,,
824084,2026-08-04,Minnesota Twins,Kansas City Royals,2026-08-04T12:31:53.706779+00:00,9.0,120,-145,1.5,-135,110,,,
824085,2026-07-21,San Francisco Giants,Kansas City Royals,2026-07-21T12:01:05.599395+00:00,9.5,-105,-115,1.5,-169,140,0.48511604439959644,,
824086,2026-07-19,San Diego Padres,Kansas City Royals,2026-07-19T14:32:08.707937+00:00,10.1,-129,111,1.5,146,-173,,,
824087,2026-07-20,San Francisco Giants,Kansas City Royals,2026-07-20T17:22:04.940711+00:00,10.0,-115,-105,1.5,-175,145,0.5246851385390429,,
824088,2026-07-18,San Diego Padres,Kansas City Royals,2026-07-18T14:41:13.789541+00:00,10.8,-61,-110,-1.5,-160,136,,,
824090,2026-07-17,San Diego Padres,Kansas City Royals,2026-07-17T15:21:26.686400+00:00,10.0,100,-120,1.5,-154,130,0.47531486146095714,10.5,0.47531486146095714
824093,2026-07-02,Tampa Bay Rays,Kansas City Royals,2026-07-02T15:09:10.007874+00:00,10.5,105,-125,-1.5,190,-233,0.4653266331658291,10.5,0.5049229992426155
824094,2026-07-01,Tampa Bay Rays,Kansas City Royals,2026-07-01T12:38:16.611456+00:00,10.5,110,-130,1.5,-130,110,0.45541082164328656,10.5,0.48511604439959644
824095,2026-06-21,St. Louis Cardinals,Kansas City Royals,2026-06-21T15:21:16.196126+00:00,9.0,105,-125,1.5,-154,130,0.4653266331658291,8.5,0.5346733668341708
824096,2026-06-30,Tampa Bay Rays,Kansas City Royals,2026-06-30T11:49:23.391073+00:00,10.0,105,-125,-1.5,200,-244,0.4526892430278885,10.5,0.47531486146095714
824098,2026-06-18,St. Louis Cardinals,Kansas City Royals,2026-06-18T17:16:55.373343+00:00,9.0,-115,-105,1.5,-189,155,0.5148839556004037,8.5,0.5346733668341708
824099,2026-06-14,Houston Astros,Kansas City Royals,2026-06-14T13:30:09.897546+00:00,8.5,-120,100,1.5,-196,160,0.5148839556004037,8.5,0.5196028513238289
824100,2026-06-13,Houston Astros,Kansas City Royals,2026-06-13T20:44:15.125743+00:00,9.5,-125,105,1.5,-200,165,0.5445891783567134,9.5,0.48511604439959644
824101,2026-06-11,Texas Rangers,Kansas City Royals,2026-06-11T15:06:24.207924+00:00,10.5,-115,-105,1.5,-175,145,0.5148839556004037,10.5,0.4950770007573845
824102,2026-06-12,Houston Astros,Kansas City Royals,2026-06-13T02:58:01.371532+00:00,15.4,939,-2970,-3.5,-1,-133,,,
824103,2026-06-10,Texas Rangers,Kansas City Royals,2026-06-10T14:23:47.392001+00:00,10.0,105,-125,1.5,-149,125,0.47531486146095714,10.5,0.4653266331658291
824158,2026-08-05,Toronto Blue Jays,Houston Astros,2026-08-05T16:40:12.986798+00:00,8.0,-233,190,1.5,-400,290,,,
824160,2026-08-03,Toronto Blue Jays,Houston Astros,2026-08-03T20:15:26.913296+00:00,9.0,-130,110,1.5,-213,170,,,
824161,2026-08-04,Toronto Blue Jays,Houston Astros,2026-08-04T12:32:02.862526+00:00,8.5,-130,110,1.5,-222,175,,,
824162,2026-08-01,Texas Rangers,Houston Astros,2026-08-01T15:36:43.133184+00:00,8.0,105,-125,1.5,-159,130,,,
824163,2026-08-02,Texas Rangers,Houston Astros,2026-08-02T17:31:55.666348+00:00,8.5,-141,115,1.5,-238,190,,,
824164,2026-07-31,Texas Rangers,Houston Astros,2026-07-31T10:24:08.023202+00:00,8.0,-125,105,1.5,-213,170,,,
824165,2026-07-21,Miami Marlins,Houston Astros,2026-07-21T12:01:18.377023+00:00,9.0,-125,105,1.5,-200,165,0.5346733668341708,,
824166,2026-07-22,Miami Marlins,Houston Astros,2026-07-22T11:56:40.131870+00:00,8.0,-120,100,1.5,-200,165,0.5148839556004037,,
824167,2026-07-20,Miami Marlins,Houston Astros,2026-07-20T17:22:17.492954+00:00,9.0,-120,100,1.5,-200,165,0.5246851385390429,9.5,0.4215369311116638
824168,2026-07-19,Baltimore Orioles,Houston Astros,2026-07-19T14:32:08.566845+00:00,8.4,-116,-11,-0.2,-30,-2,,,
824169,2026-07-18,Baltimore Orioles,Houston Astros,2026-07-18T14:41:13.600447+00:00,9.0,-107,-108,-0.5,-61,31,,,
824170,2026-07-17,Baltimore Orioles,Houston Astros,2026-07-17T15:21:24.278072+00:00,8.5,-115,-105,-1.5,170,-204,0.5148839556004037,8.5,0.5148839556004037
824174,2026-07-01,Minnesota Twins,Houston Astros,2026-07-01T12:38:19.266920+00:00,8.5,-130,110,1.5,-222,180,0.5543912175648702,8.5,0.4950770007573845
824175,2026-06-30,Minnesota Twins,Houston Astros,2026-06-30T11:49:32.643548+00:00,8.0,-105,-115,1.5,-175,145,0.48511604439959644,8.5,0.48511604439959644
824176,2026-06-29,Minnesota Twins,Houston Astros,2026-06-29T19:07:34.201447+00:00,9.0,-141,115,1.5,-227,185,0.5644400297988578,8.5,0.5445891783567134
824177,2026-06-21,Cleveland Guardians,Houston Astros,2026-06-21T15:21:11.330196+00:00,8.5,-130,110,1.5,-227,185,0.5543912175648702,8.5,0.5148839556004037
824178,2026-06-17,Detroit Tigers,Houston Astros,2026-06-17T14:23:05.328644+00:00,8.0,-110,-110,1.5,-175,145,0.4950770007573845,8.5,0.47531486146095714
824181,2026-06-15,Detroit Tigers,Houston Astros,2026-06-15T14:23:47.653267+00:00,9.0,-125,105,1.5,-200,165,0.5445891783567134,8.5,0.5346733668341708
824182,2026-06-16,Detroit Tigers,Houston Astros,2026-06-16T18:36:29.249160+00:00,8.5,-179,150,1.5,-303,240,0.6138376825472827,8.5,0.4950770007573845
824184,2026-06-06,Athletics,Houston Astros,2026-06-06T15:53:09.787392+00:00,9.5,-120,100,-1.5,150,-179,0.5445891783567134,9.5,0.48511604439959644
824185,2026-06-04,Pittsburgh Pirates,Houston Astros,2026-06-05T01:37:54.945818+00:00,,,,,,,,,
824186,2026-06-05,Athletics,Houston Astros,2026-06-05T23:32:40.219808+00:00,9.0,-110,-110,1.5,-179,150,0.4950770007573845,8.5,0.5445891783567134
824240,2026-08-11,Cleveland Guardians,Detroit Tigers,2026-08-11T15:49:43.588564+00:00,8.0,-125,105,1.5,-213,170,,,
824241,2026-08-12,Cleveland Guardians,Detroit Tigers,2026-08-12T15:50:19.383148+00:00,8.0,-125,105,1.5,-204,165,,,
824242,2026-07-29,Baltimore Orioles,Detroit Tigers,2026-07-29T11:49:17.191758+00:00,7.5,-175,145,1.5,-312,235,,,
824243,2026-07-28,Baltimore Orioles,Detroit Tigers,2026-07-28T18:52:32.066563+00:00,9.0,-145,120,1.5,-233,185,,,
824245,2026-07-27,Baltimore Orioles,Detroit Tigers,2026-07-27T14:54:47.091612+00:00,8.5,-117,56,-0.2,-30,-1,,,
824246,2026-07-26,Kansas City Royals,Detroit Tigers,2026-07-26T15:05:05.506907+00:00,9.0,-187,159,1.5,107,-127,,,
824247,2026-07-23,Kansas City Royals,Detroit Tigers,2026-07-23T14:08:19.205748+00:00,8.5,-213,175,1.5,-370,280,0.6078288353999514,,
824248,2026-07-24,Kansas City Royals,Detroit Tigers,2026-07-24T14:40:03.550301+00:00,7.5,-286,230,1.5,-556,380,0.643651529193698,,
824249,2026-07-11,Philadelphia Phillies,Detroit Tigers,2026-07-11T14:02:52.086950+00:00,7.5,115,-141,-1.5,240,-303,0.44560878243512975,7.5,0.4653266331658291
824250,2026-07-12,Philadelphia Phillies,Detroit Tigers,2026-07-12T15:11:15.193494+00:00,7.0,-125,105,1.5,-233,190,0.5346733668341708,7.5,0.4355599702011423
824251,2026-07-09,Athletics,Detroit Tigers,2026-07-09T13:40:15.842183+00:00,9.0,-130,110,1.5,-222,180,0.5445891783567134,8.5,0.5445891783567134
824252,2026-07-10,Philadelphia Phillies,Detroit Tigers,2026-07-10T14:52:34.703060+00:00,8.8,-121,81,1.2,125,-157,,,
824255,2026-06-26,Houston Astros,Detroit Tigers,2026-06-26T14:58:51.277636+00:00,9.0,-115,-105,1.5,-189,155,0.5049229992426155,8.5,0.5445891783567134
824258,2026-06-25,Houston Astros,Detroit Tigers,2026-06-25T14:02:43.493036+00:00,9.0,-115,-105,1.5,-179,150,0.5148839556004037,8.5,0.5346733668341708
824260,2026-06-21,Chicago White Sox,Detroit Tigers,2026-06-21T15:21:00.672028+00:00,8.5,-120,100,1.5,-196,160,0.5246851385390429,8.5,0.5049229992426155
824265,2026-06-11,Minnesota Twins,Detroit Tigers,2026-06-11T15:06:15.642885+00:00,9.5,-130,110,1.5,-204,170,0.5445891783567134,9.5,0.48511604439959644
824266,2026-06-10,Minnesota Twins,Detroit Tigers,2026-06-10T14:23:38.202244+00:00,9.5,-175,145,1.5,-278,225,0.6138376825472827,9.5,0.47064803049555276
824269,2026-06-06,Seattle Mariners,Detroit Tigers,2026-06-06T15:52:41.661947+00:00,9.0,105,-125,1.5,-154,130,0.4653266331658291,8.5,0.5445891783567134
824271,2026-06-05,Seattle Mariners,Detroit Tigers,2026-06-05T23:32:38.373528+00:00,8.5,110,-130,1.5,-154,130,0.4573643410852713,8.5,0.4895287958115184
824321,2026-08-04,Tampa Bay Rays,Colorado Rockies,2026-08-04T12:32:05.114493+00:00,11.0,125,-149,-1.5,220,-286,,,
824322,2026-08-05,Tampa Bay Rays,Colorado Rockies,2026-08-05T16:40:20.598738+00:00,11.5,135,-164,-1.5,235,-312,,,
824323,2026-08-02,Kansas City Royals,Colorado Rockies,2026-08-02T17:32:04.148486+00:00,11.5,-125,105,-1.5,145,-179,,,
824324,2026-08-03,Tampa Bay Rays,Colorado Rockies,2026-08-03T20:15:29.194197+00:00,11.5,150,-179,-1.5,260,-345,,,
824325,2026-07-31,Kansas City Royals,Colorado Rockies,2026-07-31T10:24:10.273633+00:00,11.0,-110,-110,1.5,-164,135,,,
824326,2026-08-01,Kansas City Royals,Colorado Rockies,2026-08-01T15:36:54.633399+00:00,11.5,-120,100,1.5,-179,145,,,
824327,2026-07-22,Washington Nationals,Colorado Rockies,2026-07-22T11:56:02.319116+00:00,11.5,115,-141,-1.5,210,-263,0.45541082164328656,,
824328,2026-07-20,Washington Nationals,Colorado Rockies,2026-07-20T17:22:20.074374+00:00,12.0,105,-125,1.5,-145,120,0.4653266331658291,,
824329,2026-07-21,Washington Nationals,Colorado Rockies,2026-07-21T12:01:21.374484+00:00,13.0,-115,-105,1.5,-164,135,0.4950770007573845,,
824330,2026-07-19,Cincinnati Reds,Colorado Rockies,2026-07-19T14:32:09.116385+00:00,11.0,141,-165,-1.5,-112,-85,,,
824331,2026-07-18,Cincinnati Reds,Colorado Rockies,2026-07-18T14:41:13.150804+00:00,12.6,-14,-112,-1.5,-155,131,,,
824332,2026-07-17,Cincinnati Reds,Colorado Rockies,2026-07-17T15:21:29.186471+00:00,12.0,-115,-105,1.5,-169,140,0.5148839556004037,12.5,0.47064803049555276
824335,2026-07-02,Miami Marlins,Colorado Rockies,2026-07-02T15:09:00.433089+00:00,12.0,110,-130,1.5,-141,115,0.44560878243512975,12.5,0.47531486146095714
824337,2026-07-01,Miami Marlins,Colorado Rockies,2026-07-01T12:38:24.157643+00:00,11.0,135,-164,1.5,-115,-105,0.40599123234291284,10.5,0.5246851385390429
824338,2026-06-30,Miami Marlins,Colorado Rockies,2026-06-30T11:49:35.636382+00:00,11.0,130,-154,-1.5,230,-286,0.40599123234291284,11.5,0.47531486146095714
824339,2026-06-29,Miami Marlins,Colorado Rockies,2026-06-29T19:07:38.302497+00:00,12.0,120,-145,1.5,-125,105,0.4355599702011423,11.5,0.5148839556004037
824340,2026-06-23,Boston Red Sox,Colorado Rockies,2026-06-23T14:08:52.052345+00:00,10.5,140,-169,-1.5,250,-323,0.3959893694129017,10.5,0.5049229992426155
824341,2026-06-24,Boston Red Sox,Colorado Rockies,2026-06-24T16:09:43.813025+00:00,11.0,145,-175,-1.5,260,-333,0.3959893694129017,10.5,0.5346733668341708
824343,2026-06-21,Pittsburgh Pirates,Colorado Rockies,2026-06-21T15:21:29.412170+00:00,11.5,120,-145,1.5,-125,105,0.4355599702011423,11.5,0.4950770007573845
824344,2026-06-22,Boston Red Sox,Colorado Rockies,2026-06-22T20:29:34.101529+00:00,11.5,110,-130,-1.5,190,-233,0.45541082164328656,11.5,0.5049229992426155
824346,2026-06-11,Chicago Cubs,Colorado Rockies,2026-06-11T15:06:27.627300+00:00,11.0,125,-149,1.5,-120,100,0.42567901234567895,11.5,0.4653266331658291
824348,2026-06-10,Chicago Cubs,Colorado Rockies,2026-06-10T14:23:53.220861+00:00,12.5,140,-169,-1.5,250,-323,0.3959893694129017,12.5,0.4950770007573845
824350,2026-06-05,Milwaukee Brewers,Colorado Rockies,2026-06-05T23:32:53.613835+00:00,12.0,130,-154,1.5,-115,-105,0.4158488714425908,12.5,0.47531486146095714
824351,2026-06-06,Milwaukee Brewers,Colorado Rockies,2026-06-06T15:53:26.670084+00:00,10.5,220,-278,-1.5,390,-526,0.2871614637171801,10.5,0.5148839556004037
824401,2026-08-06,New York Mets,Cleveland Guardians,2026-08-06T16:22:50.223887+00:00,7.0,-125,105,1.5,-222,175,,,
824402,2026-08-05,New York Mets,Cleveland Guardians,2026-08-05T16:40:24.769842+00:00,7.5,-115,-105,-1.5,175,-222,,,
824403,2026-08-04,New York Mets,Cleveland Guardians,2026-08-04T12:31:39.553452+00:00,7.5,-154,130,1.5,-270,210,,,
824404,2026-08-02,Arizona Diamondbacks,Cleveland Guardians,2026-08-02T17:31:36.182444+00:00,7.5,-189,155,1.5,-333,250,,,
824405,2026-08-01,Arizona Diamondbacks,Cleveland Guardians,2026-08-01T15:36:45.606976+00:00,8.0,-179,150,1.5,-312,235,,,
824406,2026-07-23,Minnesota Twins,Cleveland Guardians,2026-07-23T14:08:07.721458+00:00,7.5,-145,120,1.5,-256,200,0.533965649833376,,
824407,2026-07-31,Arizona Diamondbacks,Cleveland Guardians,2026-07-31T10:23:57.767618+00:00,8.5,-141,115,1.5,-227,180,,,
824408,2026-07-22,Minnesota Twins,Cleveland Guardians,2026-07-22T11:56:19.240105+00:00,8.0,-125,105,1.5,-213,175,0.5293519695044473,,
824409,2026-07-21,Minnesota Twins,Cleveland Guardians,2026-07-21T12:00:44.790068+00:00,8.0,-149,125,1.5,-263,210,0.5644400297988578,,
824410,2026-07-20,Minnesota Twins,Cleveland Guardians,2026-07-20T17:21:47.660915+00:00,7.5,105,-125,1.5,-164,135,0.45541082164328656,8.5,0.4355599702011423
824411,2026-07-19,Pittsburgh Pirates,Cleveland Guardians,2026-07-19T14:32:08.431600+00:00,7.0,-59,-112,-1.5,-180,152,,,
824412,2026-07-18,Pittsburgh Pirates,Cleveland Guardians,2026-07-18T14:41:12.546731+00:00,8.2,-106,-110,-1.1,-128,99,,,
824414,2026-07-18,Pittsburgh Pirates,Cleveland Guardians,2026-07-18T14:41:12.192623+00:00,7.5,-123,106,0.8,84,-117,,,
824416,2026-07-02,Chicago White Sox,Cleveland Guardians,2026-07-02T15:09:03.926814+00:00,8.5,-115,-105,-1.5,175,-213,0.5049229992426155,8.5,0.5049229992426155
824418,2026-06-30,Texas Rangers,Cleveland Guardians,2026-06-30T11:49:12.163667+00:00,7.5,100,-120,1.5,-175,145,0.48511604439959644,7.5,0.5148839556004037
824419,2026-07-01,Texas Rangers,Cleveland Guardians,2026-07-01T12:38:02.753763+00:00,8.0,-110,-110,1.5,-189,155,0.5049229992426155,8.5,0.451010101010101
824420,2026-06-29,Texas Rangers,Cleveland Guardians,2026-06-29T19:07:22.863313+00:00,7.5,-149,125,1.5,-263,210,0.5743209876543209,7.5,0.5246851385390429
824423,2026-06-26,Seattle Mariners,Cleveland Guardians,2026-06-26T14:59:14.130674+00:00,8.0,-110,-110,1.5,-179,150,0.5049229992426155,7.5,0.5246851385390429
824424,2026-06-14,Detroit Tigers,Cleveland Guardians,2026-06-14T13:30:06.443248+00:00,7.0,-115,-105,1.5,-196,160,0.5148839556004037,7.5,0.4653266331658291
824425,2026-06-12,Detroit Tigers,Cleveland Guardians,2026-06-13T02:57:59.289961+00:00,7.9,130,-153,-1.5,-132,111,,,
824426,2026-06-13,Detroit Tigers,Cleveland Guardians,2026-06-13T20:44:12.362003+00:00,7.5,-120,100,1.5,-213,175,0.5346733668341708,7.5,0.4951081359423275
824481,2026-08-06,Athletics,Cincinnati Reds,2026-08-06T16:22:47.100055+00:00,9.0,-169,140,1.5,-286,220,,,
824482,2026-08-05,Athletics,Cincinnati Reds,2026-08-05T16:40:26.548446+00:00,9.5,-154,130,1.5,-256,200,,,
824483,2026-08-02,Pittsburgh Pirates,Cincinnati Reds,2026-08-02T17:31:41.579555+00:00,8.5,-141,115,1.5,-227,180,,,
824484,2026-08-04,Athletics,Cincinnati Reds,2026-08-04T12:31:41.759573+00:00,9.5,-141,115,1.5,-222,175,,,
824485,2026-08-01,Pittsburgh Pirates,Cincinnati Reds,2026-08-01T15:36:38.039424+00:00,8.0,105,-125,-1.5,210,-270,,,
824486,2026-07-31,Pittsburgh Pirates,Cincinnati Reds,2026-07-31T10:23:50.493202+00:00,8.0,115,-141,-1.5,220,-286,,,
824487,2026-07-29,Cleveland Guardians,Cincinnati Reds,2026-07-29T11:49:39.711295+00:00,9.0,110,-130,1.5,-145,120,,,
824488,2026-07-30,Pittsburgh Pirates,Cincinnati Reds,2026-07-30T13:31:27.928013+00:00,9.5,-105,-115,1.5,-159,130,,,
824489,2026-07-28,Cleveland Guardians,Cincinnati Reds,2026-07-28T18:52:27.605065+00:00,9.0,110,-130,1.5,-145,120,,,
824490,2026-07-28,Cleveland Guardians,Cincinnati Reds,2026-07-28T18:52:22.768955+00:00,9.0,110,-130,1.5,-145,120,,,
824491,2026-07-12,Chicago Cubs,Cincinnati Reds,2026-07-12T15:11:06.634285+00:00,9.0,110,-130,1.5,-149,125,0.45541082164328656,9.5,0.45541082164328656
824492,2026-07-11,Chicago Cubs,Cincinnati Reds,2026-07-11T14:02:59.883354+00:00,10.0,-115,-105,-1.5,165,-200,0.5049229992426155,10.5,0.4653266331658291
824493,2026-07-10,Chicago Cubs,Cincinnati Reds,2026-07-10T14:52:35.571839+00:00,9.4,-81,-113,-0.8,-88,60,,,
824494,2026-07-09,Philadelphia Phillies,Cincinnati Reds,2026-07-09T13:40:23.620797+00:00,9.5,135,-164,-1.5,260,-333,0.40599123234291284,9.5,0.48511604439959644
824500,2026-06-24,Milwaukee Brewers,Cincinnati Reds,2026-06-24T16:10:04.612047+00:00,9.5,110,-130,1.5,-141,115,0.44560878243512975,9.5,0.48511604439959644
824501,2026-06-23,Milwaukee Brewers,Cincinnati Reds,2026-06-23T14:08:41.341167+00:00,9.5,-105,-115,1.5,-164,135,0.4950770007573845,9.5,0.5148839556004037
824502,2026-06-22,Milwaukee Brewers,Cincinnati Reds,2026-06-22T20:29:18.547245+00:00,9.5,125,-149,-1.5,240,-303,0.4158488714425908,9.5,0.4950770007573845
824506,2026-06-14,Arizona Diamondbacks,Cincinnati Reds,2026-06-14T13:30:02.970957+00:00,9.5,-110,-110,1.5,-169,140,0.4950770007573845,9.5,0.5148839556004037
824507,2026-06-12,Arizona Diamondbacks,Cincinnati Reds,2026-06-13T02:57:59.867126+00:00,7.5,3400,-30000,-2.5,620,-1447,,,
824508,2026-06-13,Arizona Diamondbacks,Cincinnati Reds,2026-06-13T20:44:11.753765+00:00,9.5,-105,-115,1.5,-164,135,0.4901860820800408,9.5,0.5048918640576725
824562,2026-08-12,Cincinnati Reds,Chicago White Sox,2026-08-12T15:50:31.628628+00:00,8.5,-149,125,1.5,-256,200,,,
824563,2026-08-11,Cincinnati Reds,Chicago White Sox,2026-08-11T15:50:02.663902+00:00,7.5,-164,135,1.5,-286,220,,,
824564,2026-08-09,Cleveland Guardians,Chicago White Sox,2026-08-09T16:27:41.925609+00:00,8.5,110,-130,1.5,-149,125,,,
824565,2026-08-08,Cleveland Guardians,Chicago White Sox,2026-08-08T15:06:15.686868+00:00,7.5,110,-130,1.5,-159,130,,,
824566,2026-08-07,Cleveland Guardians,Chicago White Sox,2026-08-07T15:55:32.639360+00:00,7.5,120,-145,-1.5,235,-312,,,
824567,2026-07-29,New York Yankees,Chicago White Sox,2026-07-29T11:49:45.438794+00:00,7.5,120,-145,-1.5,235,-312,,,
824568,2026-07-30,New York Yankees,Chicago White Sox,2026-07-30T13:31:22.352266+00:00,7.5,-115,-105,-1.5,180,-227,,,
824569,2026-07-28,New York Yankees,Chicago White Sox,2026-07-28T18:53:04.362801+00:00,8.0,100,-120,1.5,-169,140,,,
824570,2026-07-27,New York Yankees,Chicago White Sox,2026-07-27T14:54:51.795009+00:00,8.5,124,-144,-1.5,-139,117,,,
824571,2026-07-25,Houston Astros,Chicago White Sox,2026-07-25T17:25:47.742574+00:00,8.5,-125,105,1.5,-204,165,0.5288934957242809,,
824572,2026-07-26,Houston Astros,Chicago White Sox,2026-07-26T15:05:06.498506+00:00,9.2,-107,-108,-0.5,-58,29,,,
824573,2026-07-24,Houston Astros,Chicago White Sox,2026-07-24T14:40:36.827985+00:00,8.5,-130,110,1.5,-227,180,0.5631018753167765,,
824574,2026-07-12,Athletics,Chicago White Sox,2026-07-12T15:11:22.605719+00:00,8.5,-125,105,1.5,-213,175,0.5445891783567134,8.5,0.5246851385390429
824575,2026-07-10,Athletics,Chicago White Sox,2026-07-10T14:52:36.367581+00:00,9.0,-163,140,1.5,121,-144,,,
824576,2026-07-11,Athletics,Chicago White Sox,2026-07-11T14:02:38.211061+00:00,8.5,-110,-110,1.5,-175,145,0.4950770007573845,8.5,0.5246851385390429
824577,2026-07-09,Boston Red Sox,Chicago White Sox,2026-07-09T13:40:12.360644+00:00,9.0,-120,100,1.5,-189,155,0.5148839556004037,9.5,0.451010101010101
824582,2026-06-26,Kansas City Royals,Chicago White Sox,2026-06-26T14:59:21.525264+00:00,8.5,-141,115,1.5,-222,180,0.5445891783567134,8.5,0.4950770007573845
824583,2026-06-24,Cleveland Guardians,Chicago White Sox,2026-06-24T16:09:39.216461+00:00,8.0,-105,-115,-1.5,190,-233,0.48511604439959644,8.5,0.4653266331658291
824584,2026-06-23,Cleveland Guardians,Chicago White Sox,2026-06-23T14:08:45.657937+00:00,7.0,-105,-115,1.5,-189,155,0.48511604439959644,7.5,0.45541082164328656
824585,2026-06-22,Cleveland Guardians,Chicago White Sox,2026-06-22T20:29:24.714628+00:00,7.5,-110,-110,1.5,-189,155,0.4950770007573845,7.5,0.48511604439959644
824587,2026-06-13,Los Angeles Dodgers,Chicago White Sox,2026-06-13T03:40:51.728335+00:00,8.2,171,-204,-1.5,33,-120,,,
824588,2026-06-12,Los Angeles Dodgers,Chicago White Sox,2026-06-13T02:58:00.762150+00:00,8.2,171,-204,-1.5,11,-120,,,
824589,2026-06-11,Atlanta Braves,Chicago White Sox,2026-06-11T15:06:34.876194+00:00,8.5,100,-120,1.5,-164,135,0.47531486146095714,8.5,0.5246851385390429
824590,2026-06-10,Atlanta Braves,Chicago White Sox,2026-06-10T14:23:50.156940+00:00,7.5,130,-154,-1.5,260,-333,0.4158488714425908,7.5,0.5049229992426155
824645,2026-08-04,Los Angeles Dodgers,Chicago Cubs,2026-08-04T12:31:57.940657+00:00,9.0,170,-204,-1.5,325,-455,,,
824646,2026-08-05,Los Angeles Dodgers,Chicago Cubs,2026-08-05T16:40:15.256018+00:00,10.0,-120,100,1.5,-189,155,,,
824647,2026-08-03,Los Angeles Dodgers,Chicago Cubs,2026-08-03T20:15:21.866611+00:00,8.0,105,-125,-1.5,210,-270,,,
824648,2026-08-02,New York Yankees,Chicago Cubs,2026-08-02T17:31:59.764581+00:00,6.5,100,-120,1.5,-185,150,,,
824649,2026-08-01,New York Yankees,Chicago Cubs,2026-08-01T15:36:51.286834+00:00,6.0,-115,-105,1.5,-227,180,,,
824650,2026-07-22,Detroit Tigers,Chicago Cubs,2026-07-22T11:56:36.686888+00:00,8.0,-120,100,-1.5,175,-213,0.533965649833376,,
824651,2026-07-31,New York Yankees,Chicago Cubs,2026-07-31T10:23:47.851543+00:00,9.0,-154,130,1.5,-256,200,,,
824652,2026-07-21,Detroit Tigers,Chicago Cubs,2026-07-21T12:01:11.964315+00:00,8.5,-115,-105,1.5,-200,165,0.5148839556004037,,
824653,2026-07-19,Minnesota Twins,Chicago Cubs,2026-07-19T14:32:08.980023+00:00,7.5,-166,142,1.5,132,-157,,,
824654,2026-07-20,Detroit Tigers,Chicago Cubs,2026-07-20T17:22:11.288186+00:00,11.0,-115,-105,1.5,-175,145,0.5148839556004037,,
824655,2026-07-17,Minnesota Twins,Chicago Cubs,2026-07-17T15:21:20.149839+00:00,11.0,-145,120,1.5,-227,185,0.5644400297988578,10.5,0.5392802838317284
824657,2026-07-18,Minnesota Twins,Chicago Cubs,2026-07-18T14:41:12.753169+00:00,8.7,-140,121,1.5,145,-171,,,
824660,2026-07-01,San Diego Padres,Chicago Cubs,2026-07-01T12:38:07.886515+00:00,12.0,-125,105,1.5,-179,150,0.536870951669158,11.5,0.5346733668341708
824661,2026-06-30,San Diego Padres,Chicago Cubs,2026-06-30T11:49:29.367732+00:00,11.0,-154,130,1.5,-233,190,0.5743209876543209,11.5,0.4653266331658291
824662,2026-06-29,San Diego Padres,Chicago Cubs,2026-06-29T19:07:29.595062+00:00,11.5,-154,130,1.5,-233,190,0.5940087676570872,11.5,0.4653266331658291
824664,2026-08-06,Toronto Blue Jays,Chicago Cubs,2026-08-06T16:22:55.443077+00:00,7.5,-105,-115,1.5,-185,150,,,
824666,2026-06-15,Colorado Rockies,Chicago Cubs,2026-06-15T14:23:41.535965+00:00,9.5,-204,170,1.5,-345,265,0.6632837167343256,9.5,0.47531486146095714
824667,2026-06-16,Colorado Rockies,Chicago Cubs,2026-06-16T18:36:22.000871+00:00,9.5,-200,165,1.5,-323,250,0.643651529193698,9.5,0.5049229992426155
824668,2026-06-17,Colorado Rockies,Chicago Cubs,2026-06-17T14:23:19.646794+00:00,10.0,-196,160,1.5,-303,240,0.6238445129177531,9.5,0.5346733668341708
824669,2026-06-06,San Francisco Giants,Chicago Cubs,2026-06-06T15:52:54.786460+00:00,7.5,-154,130,1.5,-263,210,0.5940087676570872,7.5,0.5049229992426155
824672,2026-06-04,Athletics,Chicago Cubs,2026-06-05T01:37:54.145812+00:00,,,,,,,,,
824673,2026-06-05,San Francisco Giants,Chicago Cubs,2026-06-05T23:32:37.892161+00:00,8.0,-145,120,1.5,-233,190,0.5655526992287918,8.0,0.5221932114882506
824724,2026-08-09,Athletics,Boston Red Sox,2026-08-09T16:27:18.161067+00:00,9.5,-233,190,1.5,-400,290,,,
824726,2026-08-08,Athletics,Boston Red Sox,2026-08-08T15:05:33.339341+00:00,9.0,-263,210,1.5,-455,325,,,
824727,2026-08-07,Athletics,Boston Red Sox,2026-08-07T15:55:25.507236+00:00,8.5,-278,220,1.5,-500,350,,,
824728,2026-08-05,Chicago White Sox,Boston Red Sox,2026-08-05T16:40:33.374844+00:00,8.0,-130,110,1.5,-227,180,,,
824729,2026-08-06,Chicago White Sox,Boston Red Sox,2026-08-06T16:23:02.738576+00:00,9.0,-189,155,1.5,-333,250,,,
824730,2026-07-26,Toronto Blue Jays,Boston Red Sox,2026-07-26T15:05:05.031674+00:00,7.5,-135,116,1.5,156,-186,,,
824731,2026-08-04,Chicago White Sox,Boston Red Sox,2026-08-04T12:31:48.724848+00:00,9.0,-130,110,1.5,-204,165,,,
824732,2026-07-22,Baltimore Orioles,Boston Red Sox,2026-07-22T11:55:49.448562+00:00,8.5,-145,120,1.5,-233,190,0.5940087676570872,,
824733,2026-07-24,Toronto Blue Jays,Boston Red Sox,2026-07-24T14:40:32.706450+00:00,8.5,-125,105,1.5,-204,165,0.5436893203883495,,
824734,2026-07-25,Toronto Blue Jays,Boston Red Sox,2026-07-25T17:25:23.087014+00:00,7.0,-115,-105,1.5,-200,160,0.5242743385563832,,
824735,2026-07-22,Baltimore Orioles,Boston Red Sox,2026-07-22T11:55:44.365089+00:00,9.5,-145,120,1.5,-233,190,0.5940087676570872,,
824736,2026-07-20,Baltimore Orioles,Boston Red Sox,2026-07-20T17:21:55.900558+00:00,9.0,-154,130,1.5,-263,210,0.5940087676570872,8.5,0.5346733668341708
824737,2026-07-17,Tampa Bay Rays,Boston Red Sox,2026-07-17T15:21:05.150088+00:00,8.5,-115,-105,1.5,-196,160,0.5148839556004037,8.5,0.4791197799449862
824738,2026-07-18,Tampa Bay Rays,Boston Red Sox,2026-07-18T14:41:14.175253+00:00,9.5,-107,-86,-0.5,-60,31,,,
824739,2026-07-19,Tampa Bay Rays,Boston Red Sox,2026-07-19T14:32:08.022886+00:00,8.1,-122,105,1.2,124,-157,,,
824740,2026-07-01,Washington Nationals,Boston Red Sox,2026-07-01T12:38:04.857354+00:00,9.5,-145,120,1.5,-227,185,0.5644400297988578,9.5,0.5148839556004037
824741,2026-06-29,Washington Nationals,Boston Red Sox,2026-06-29T19:07:18.646218+00:00,8.5,-175,145,1.5,-303,240,0.6138376825472827,8.5,0.4950770007573845
824742,2026-06-30,Washington Nationals,Boston Red Sox,2026-06-30T11:49:18.233993+00:00,9.5,-141,115,1.5,-222,180,0.5543912175648702,9.5,0.48511604439959644
824746,2026-06-17,Toronto Blue Jays,Boston Red Sox,2026-06-17T14:23:11.275578+00:00,9.5,-125,105,1.5,-204,170,0.5346733668341708,9.5,0.4950770007573845
824748,2026-06-18,Toronto Blue Jays,Boston Red Sox,2026-06-18T17:16:33.135719+00:00,9.5,-141,115,1.5,-222,180,0.5543912175648702,9.5,0.48511604439959644
824749,2026-06-13,Texas Rangers,Boston Red Sox,2026-06-13T20:44:13.077197+00:00,9.0,-115,-105,1.5,-179,150,0.5246851385390429,9.5,0.4422780913288866
824750,2026-06-16,Toronto Blue Jays,Boston Red Sox,2026-06-16T18:36:07.373267+00:00,7.5,100,-120,1.5,-169,140,0.48511604439959644,7.5,0.4950770007573845
824751,2026-06-14,Texas Rangers,Boston Red Sox,2026-06-14T13:30:24.743689+00:00,9.0,-115,-105,1.5,-189,155,0.5148839556004037,9.5,0.45541082164328656
824752,2026-06-12,Texas Rangers,Boston Red Sox,2026-06-13T02:57:59.583572+00:00,8.0,-118,79,-0.5,-75,41,,,
824766,2026-07-17,Tampa Bay Rays,Boston Red Sox,2026-07-17T15:21:01.926788+00:00,8.5,-115,-105,1.5,-196,160,0.5148839556004037,8.5,0.4791197799449862
824804,2026-08-06,Los Angeles Angels,Baltimore Orioles,2026-08-06T16:22:44.085664+00:00,9.5,-196,160,1.5,-312,235,,,
824805,2026-08-04,Los Angeles Angels,Baltimore Orioles,2026-08-04T12:31:37.781622+00:00,9.0,-154,130,1.5,-256,200,,,
824806,2026-08-05,Los Angeles Angels,Baltimore Orioles,2026-08-05T16:40:23.247028+00:00,8.0,-125,105,1.5,-213,170,,,
824807,2026-08-02,Philadelphia Phillies,Baltimore Orioles,2026-08-02T17:31:21.300910+00:00,8.0,120,-145,1.5,-141,115,,,
824808,2026-08-01,Philadelphia Phillies,Baltimore Orioles,2026-08-01T15:36:40.564519+00:00,8.0,120,-145,1.5,-141,115,,,
824809,2026-07-31,Philadelphia Phillies,Baltimore Orioles,2026-07-31T10:23:52.845088+00:00,9.0,-125,105,1.5,-204,165,,,
824810,2026-07-26,Atlanta Braves,Baltimore Orioles,2026-07-26T15:05:05.267027+00:00,8.6,-106,-109,-0.5,-61,31,,,
824811,2026-07-25,Atlanta Braves,Baltimore Orioles,2026-07-25T17:25:40.841067+00:00,9.0,-110,-110,1.5,-185,150,0.5096153846153846,,
824812,2026-07-24,Atlanta Braves,Baltimore Orioles,2026-07-24T14:40:18.216954+00:00,9.0,-115,-105,1.5,-189,155,0.5089585666293392,,
824813,2026-07-11,Kansas City Royals,Baltimore Orioles,2026-07-11T14:02:54.498904+00:00,9.0,-154,130,1.5,-244,200,0.5841511285574091,9.5,0.44560878243512975
824814,2026-07-12,Kansas City Royals,Baltimore Orioles,2026-07-12T15:11:01.275752+00:00,9.5,-149,125,1.5,-233,190,0.5743209876543209,9.5,0.5049229992426155
824816,2026-07-09,Chicago Cubs,Baltimore Orioles,2026-07-09T13:40:03.940225+00:00,10.0,-125,105,1.5,-200,165,0.5445891783567134,9.5,0.5246851385390429
824817,2026-07-10,Kansas City Royals,Baltimore Orioles,2026-07-10T14:52:35.381342+00:00,10.2,-151,129,1.5,130,-154,,,
824818,2026-07-01,Chicago White Sox,Baltimore Orioles,2026-07-01T12:38:00.028107+00:00,10.0,-141,115,1.5,-213,175,0.5543912175648702,10.5,0.47531486146095714
824819,2026-06-30,Chicago White Sox,Baltimore Orioles,2026-06-30T11:49:09.289863+00:00,10.5,-141,115,1.5,-222,180,0.5543912175648702,10.5,0.4950770007573845
824822,2026-06-29,Chicago White Sox,Baltimore Orioles,2026-06-29T19:07:07.786598+00:00,9.5,-130,110,1.5,-213,175,0.5644400297988578,9.5,0.48511604439959644
824823,2026-06-14,San Diego Padres,Baltimore Orioles,2026-06-14T13:29:59.238199+00:00,10.0,-141,115,1.5,-213,175,0.5543912175648702,9.5,0.5246851385390429
824824,2026-06-26,Washington Nationals,Baltimore Orioles,2026-06-26T14:59:00.493084+00:00,9.0,-141,115,1.5,-227,185,0.5543912175648702,8.5,0.5445891783567134
824826,2026-06-12,San Diego Padres,Baltimore Orioles,2026-06-13T02:57:58.988174+00:00,9.5,-130,111,1.5,149,-178,,,
824827,2026-06-11,Seattle Mariners,Baltimore Orioles,2026-06-11T15:06:32.070312+00:00,8.5,-105,-115,1.5,-169,140,0.48511604439959644,8.5,0.5049229992426155
824828,2026-06-13,San Diego Padres,Baltimore Orioles,2026-06-13T20:44:09.796477+00:00,9.5,-130,110,1.5,-200,165,0.5346733668341708,9.5,0.5048918640576725
824831,2026-06-10,Seattle Mariners,Baltimore Orioles,2026-06-10T14:23:35.294114+00:00,9.0,-110,-110,1.5,-179,150,0.4950770007573845,9.5,0.44560878243512975
824883,2026-08-12,New York Mets,Atlanta Braves,2026-08-12T15:50:29.386292+00:00,8.5,-179,150,1.5,-303,230,,,
824885,2026-08-06,Miami Marlins,Atlanta Braves,2026-08-06T16:23:04.877407+00:00,9.0,-145,120,1.5,-238,190,,,
824886,2026-08-11,New York Mets,Atlanta Braves,2026-08-11T15:49:55.625439+00:00,8.5,-130,110,1.5,-222,175,,,
824887,2026-08-10,New York Mets,Atlanta Braves,2026-08-10T13:30:19.830758+00:00,8.5,-149,125,1.5,-256,200,,,
824888,2026-08-04,Miami Marlins,Atlanta Braves,2026-08-04T12:31:50.887019+00:00,9.0,-149,125,1.5,-238,190,,,
824889,2026-08-05,Miami Marlins,Atlanta Braves,2026-08-05T16:40:35.883324+00:00,8.5,-130,110,1.5,-222,175,,,
824890,2026-08-01,Washington Nationals,Atlanta Braves,2026-08-01T15:36:48.119907+00:00,9.5,-179,150,1.5,-303,230,,,
824891,2026-08-02,Washington Nationals,Atlanta Braves,2026-08-02T17:31:26.533895+00:00,9.0,-130,110,1.5,-227,180,,,
824892,2026-07-31,Washington Nationals,Atlanta Braves,2026-07-31T10:24:05.138915+00:00,9.0,-125,105,1.5,-200,160,,,
824893,2026-07-23,San Diego Padres,Atlanta Braves,2026-07-23T14:08:03.357541+00:00,8.0,-263,210,1.5,-500,350,0.6336146272855133,,
824894,2026-07-30,Washington Nationals,Atlanta Braves,2026-07-30T13:31:33.427969+00:00,10.0,-149,125,1.5,-238,190,,,
824895,2026-07-21,San Diego Padres,Atlanta Braves,2026-07-21T12:01:02.191159+00:00,9.0,-145,120,1.5,-233,190,0.5644400297988578,,
824896,2026-07-22,San Diego Padres,Atlanta Braves,2026-07-22T11:56:30.136612+00:00,8.5,-115,-105,1.5,-189,155,0.5445891783567134,,
824897,2026-07-19,Texas Rangers,Atlanta Braves,2026-07-19T14:32:08.297192+00:00,8.6,103,-120,-1.5,-159,135,,,
824898,2026-07-20,San Diego Padres,Atlanta Braves,2026-07-20T17:22:01.960718+00:00,9.0,-130,110,1.5,-213,175,0.5445891783567134,9.5,0.4653266331658291
824899,2026-07-18,Texas Rangers,Atlanta Braves,2026-07-18T14:41:14.385278+00:00,9.0,-113,-13,0.0,-7,-24,,,
824901,2026-07-17,Texas Rangers,Atlanta Braves,2026-07-17T15:21:13.488142+00:00,8.0,-213,175,1.5,-370,290,0.653476669716377,8.5,0.4653266331658291
824905,2026-07-01,St. Louis Cardinals,Atlanta Braves,2026-07-01T12:38:14.081999+00:00,9.0,-130,110,1.5,-213,175,0.5543912175648702,9.5,0.45541082164328656
824906,2026-07-02,St. Louis Cardinals,Atlanta Braves,2026-07-02T15:09:06.643452+00:00,8.5,-115,-105,1.5,-189,155,0.5148839556004037,8.5,0.5246851385390429
824907,2026-06-30,St. Louis Cardinals,Atlanta Braves,2026-06-30T11:49:21.078597+00:00,9.5,-154,130,1.5,-244,200,0.5883636363636364,9.5,0.4950770007573845
824908,2026-06-21,Milwaukee Brewers,Atlanta Braves,2026-06-21T15:20:48.082002+00:00,9.0,-120,100,1.5,-200,165,0.5148839556004037,8.5,0.5246851385390429
824911,2026-06-18,San Francisco Giants,Atlanta Braves,2026-06-18T17:16:51.419641+00:00,7.5,-141,115,1.5,-244,200,0.5644400297988578,7.5,0.5246851385390429
824912,2026-06-16,San Francisco Giants,Atlanta Braves,2026-06-17T14:23:02.160236+00:00,9.0,-145,120,1.5,-233,190,0.5743209876543209,9.5,0.45541082164328656
824913,2026-06-17,San Francisco Giants,Atlanta Braves,2026-06-17T14:23:14.299242+00:00,9.0,-145,120,1.5,-233,190,0.5743209876543209,9.5,0.45541082164328656
824914,2026-06-05,Pittsburgh Pirates,Atlanta Braves,2026-06-05T23:07:29.741142+00:00,8.5,-149,125,1.5,-244,200,0.5743209876543209,8.5,0.48039714867617106
824915,2026-06-06,Pittsburgh Pirates,Atlanta Braves,2026-06-06T15:53:13.173832+00:00,8.0,-120,100,1.5,-200,165,0.5148839556004037,7.5,0.5246851385390429
824919,2026-06-04,Toronto Blue Jays,Atlanta Braves,2026-06-05T01:37:52.559314+00:00,,,,,,,,,
824967,2026-08-12,Tampa Bay Rays,Athletics,2026-08-12T15:50:10.976252+00:00,9.5,185,-227,-1.5,340,-476,,,
824969,2026-08-10,Tampa Bay Rays,Athletics,2026-08-10T23:19:24.573739+00:00,10.0,135,-164,-1.5,235,-312,,,
824970,2026-08-11,Tampa Bay Rays,Athletics,2026-08-11T15:50:13.208178+00:00,10.5,150,-179,-1.5,280,-370,,,
824971,2026-08-02,Detroit Tigers,Athletics,2026-08-02T17:32:13.638396+00:00,10.5,100,-120,1.5,-149,125,,,
824972,2026-08-01,Detroit Tigers,Athletics,2026-08-01T15:37:07.905096+00:00,10.5,145,-175,1.5,-105,-115,,,
824973,2026-07-29,Boston Red Sox,Athletics,2026-07-29T11:49:54.594496+00:00,10.5,125,-149,1.5,-120,100,,,
824974,2026-07-30,Boston Red Sox,Athletics,2026-07-30T13:31:36.782014+00:00,10.0,145,-175,-1.5,260,-345,,,
824975,2026-07-31,Detroit Tigers,Athletics,2026-07-31T10:24:15.974533+00:00,11.0,135,-164,-1.5,235,-312,,,
824976,2026-07-28,Boston Red Sox,Athletics,2026-07-28T18:53:20.962955+00:00,10.0,125,-149,1.5,-120,100,,,
824977,2026-07-27,Boston Red Sox,Athletics,2026-07-27T14:54:53.944970+00:00,9.5,149,-175,-1.5,-109,-110,,,
824978,2026-07-19,Washington Nationals,Athletics,2026-07-19T14:32:09.250800+00:00,10.5,123,-143,-1.5,-126,106,,,
824979,2026-07-18,Washington Nationals,Athletics,2026-07-18T14:41:15.289864+00:00,11.0,-123,106,1.2,118,-146,,,
824981,2026-07-17,Washington Nationals,Athletics,2026-07-17T15:21:33.967047+00:00,10.0,115,-141,1.5,-149,125,0.45541082164328656,10.5,0.4653266331658291
824991,2026-06-16,Pittsburgh Pirates,Athletics,2026-06-16T18:36:33.174554+00:00,11.0,-145,120,1.5,-213,175,0.5644400297988578,10.5,0.5346733668341708
824992,2026-06-17,Pittsburgh Pirates,Athletics,2026-06-17T14:23:23.032375+00:00,10.0,100,-120,-1.5,190,-233,0.47531486146095714,10.5,0.47531486146095714
824993,2026-06-15,Pittsburgh Pirates,Athletics,2026-06-15T14:23:52.642179+00:00,10.5,-120,100,1.5,-179,150,0.5246851385390429,10.5,0.48511604439959644
824994,2026-06-14,Colorado Rockies,Athletics,2026-06-14T13:30:18.248624+00:00,14.0,-179,150,1.5,-263,210,0.6238445129177531,13.5,0.5246851385390429
824995,2026-06-13,Colorado Rockies,Athletics,2026-06-13T20:44:24.580017+00:00,14.5,-154,130,1.5,-222,180,0.5841511285574091,14.5,0.5049229992426155
824996,2026-06-10,Milwaukee Brewers,Athletics,2026-06-10T14:23:56.519580+00:00,14.5,-110,-110,-1.5,155,-189,0.4950770007573845,14.5,0.5049229992426155
824997,2026-06-12,Colorado Rockies,Athletics,2026-06-13T02:58:02.225707+00:00,8.2,-254,188,1.5,-42,-125,,,
825046,2026-08-11,Colorado Rockies,Arizona Diamondbacks,2026-08-11T15:50:10.296941+00:00,9.5,-179,150,1.5,-303,230,,,
825047,2026-08-12,Colorado Rockies,Arizona Diamondbacks,2026-08-12T15:50:13.382932+00:00,9.0,-175,145,1.5,-303,230,,,
825048,2026-08-10,Colorado Rockies,Arizona Diamondbacks,2026-08-10T23:19:21.957942+00:00,8.5,-213,175,1.5,-370,280,,,
825049,2026-08-08,Los Angeles Dodgers,Arizona Diamondbacks,2026-08-08T15:06:20.115962+00:00,8.5,150,-179,-1.5,290,-400,,,
825050,2026-08-09,Los Angeles Dodgers,Arizona Diamondbacks,2026-08-09T16:27:59.625014+00:00,9.0,125,-149,1.5,-141,115,,,
825051,2026-08-07,Los Angeles Dodgers,Arizona Diamondbacks,2026-08-07T15:55:54.035753+00:00,9.0,150,-179,-1.5,280,-370,,,
825052,2026-08-05,San Diego Padres,Arizona Diamondbacks,2026-08-05T16:40:42.456888+00:00,8.5,105,-125,1.5,-159,130,,,
825053,2026-08-06,San Diego Padres,Arizona Diamondbacks,2026-08-06T16:23:09.414224+00:00,9.0,-110,-110,1.5,-179,145,,,
825054,2026-08-04,San Diego Padres,Arizona Diamondbacks,2026-08-04T12:32:07.861333+00:00,8.5,-130,110,1.5,-213,170,,,
825055,2026-07-22,Athletics,Arizona Diamondbacks,2026-07-22T11:56:07.063823+00:00,9.0,-120,100,1.5,-189,155,0.5588531187122736,,
825056,2026-07-21,Athletics,Arizona Diamondbacks,2026-07-21T12:01:28.659850+00:00,10.0,-130,110,1.5,-204,170,0.5644400297988578,,
825057,2026-07-19,St. Louis Cardinals,Arizona Diamondbacks,2026-07-19T14:32:09.664168+00:00,9.0,-123,106,0.8,81,-114,,,
825058,2026-07-20,Athletics,Arizona Diamondbacks,2026-07-20T17:22:23.808006+00:00,9.5,-149,125,1.5,-244,200,0.5743209876543209,,
825059,2026-07-18,St. Louis Cardinals,Arizona Diamondbacks,2026-07-18T14:41:13.984161+00:00,9.0,-117,57,0.2,5,-39,,,
825060,2026-07-17,St. Louis Cardinals,Arizona Diamondbacks,2026-07-17T15:21:36.196700+00:00,9.0,-105,-115,-1.5,185,-227,0.4950770007573845,9.5,0.45541082164328656
825064,2026-07-01,San Francisco Giants,Arizona Diamondbacks,2026-07-01T12:38:27.410617+00:00,9.5,-120,100,1.5,-179,150,0.5148839556004037,9.5,0.4950770007573845
825065,2026-06-29,San Francisco Giants,Arizona Diamondbacks,2026-06-29T19:07:44.821562+00:00,9.0,-130,110,1.5,-213,175,0.5543912175648702,9.5,0.45541082164328656
825066,2026-06-30,San Francisco Giants,Arizona Diamondbacks,2026-06-30T11:49:39.394299+00:00,9.0,-110,-110,1.5,-175,145,0.5049229992426155,9.5,0.4653266331658291
825067,2026-06-21,Minnesota Twins,Arizona Diamondbacks,2026-06-21T15:21:34.914159+00:00,9.5,-130,110,1.5,-213,175,0.5445891783567134,9.5,0.4950770007573845
825073,2026-06-05,Washington Nationals,Arizona Diamondbacks,2026-06-05T23:32:57.400790+00:00,9.0,-141,115,1.5,-227,185,0.5543912175648702,8.5,0.5445891783567134
825075,2026-06-06,Washington Nationals,Arizona Diamondbacks,2026-06-06T15:53:06.672265+00:00,9.5,-149,125,1.5,-233,190,0.5743209876543209,9.5,0.47064803049555276
825076,2026-06-04,Los Angeles Dodgers,Arizona Diamondbacks,2026-06-05T01:37:55.742356+00:00,9.0,116,-139,1.5,-140,120,,,
825095,2026-08-03,San Diego Padres,Arizona Diamondbacks,2026-08-03T20:15:32.226439+00:00,9.0,-115,-105,1.5,-189,155,,,
