game_pk,date,player,player_id,market,line,over,under,captured_at
822804,2026-06-10,Max Scherzer,453286,pitcher_k,1.5,-1250,,2026-06-10T14:18:01.969443+00:00
822804,2026-06-10,George Springer,543807,hr,1.5,4000,,2026-06-10T14:18:01.667642+00:00
822804,2026-06-10,George Springer,543807,pitcher_h,2.5,1300,,2026-06-10T14:17:59.581771+00:00
822804,2026-06-10,George Springer,543807,rbi,2.5,2000,,2026-06-10T14:18:01.347916+00:00
822804,2026-06-10,George Springer,543807,runs,1.5,450,,2026-06-10T14:18:01.866511+00:00
822804,2026-06-10,George Springer,543807,tb,4.5,750,,2026-06-10T14:18:00.842273+00:00
822804,2026-06-10,Bryce Harper,547180,hr,1.5,3500,,2026-06-10T14:18:01.575086+00:00
822804,2026-06-10,Bryce Harper,547180,pitcher_h,2.5,800,,2026-06-10T14:18:00.282624+00:00
822804,2026-06-10,Bryce Harper,547180,rbi,1.5,430,,2026-06-10T14:18:01.219229+00:00
822804,2026-06-10,Bryce Harper,547180,runs,1.5,420,,2026-06-10T14:18:01.757968+00:00
822804,2026-06-10,Bryce Harper,547180,tb,5.5,1000,,2026-06-10T14:18:00.587234+00:00
822804,2026-06-10,J.T. Realmuto,592663,hr,1.5,6000,,2026-06-10T14:18:01.557824+00:00
822804,2026-06-10,J.T. Realmuto,592663,pitcher_h,2.5,1200,,2026-06-10T14:17:59.457664+00:00
822804,2026-06-10,J.T. Realmuto,592663,rbi,2.5,1700,,2026-06-10T14:18:01.208551+00:00
822804,2026-06-10,J.T. Realmuto,592663,runs,1.5,600,,2026-06-10T14:18:01.750567+00:00
822804,2026-06-10,J.T. Realmuto,592663,tb,5.5,1700,,2026-06-10T14:18:00.533392+00:00
822804,2026-06-10,Trea Turner,607208,hr,0.5,650,,2026-06-10T14:18:01.589838+00:00
822804,2026-06-10,Trea Turner,607208,pitcher_h,2.5,700,,2026-06-10T14:18:00.295700+00:00
822804,2026-06-10,Trea Turner,607208,rbi,0.5,190,,2026-06-10T14:18:01.229874+00:00
822804,2026-06-10,Trea Turner,607208,runs,1.5,420,,2026-06-10T14:18:01.775579+00:00
822804,2026-06-10,Trea Turner,607208,tb,4.5,750,,2026-06-10T14:18:00.633692+00:00
822804,2026-06-10,Kyle Schwarber,656941,hr,1.5,1200,,2026-06-10T14:18:01.619456+00:00
822804,2026-06-10,Kyle Schwarber,656941,pitcher_h,2.5,900,,2026-06-10T14:18:00.321747+00:00
822804,2026-06-10,Kyle Schwarber,656941,rbi,1.5,325,,2026-06-10T14:18:01.240555+00:00
822804,2026-06-10,Kyle Schwarber,656941,runs,1.5,290,,2026-06-10T14:18:01.794746+00:00
822804,2026-06-10,Kyle Schwarber,656941,tb,5.5,650,,2026-06-10T14:18:00.690414+00:00
822804,2026-06-10,Daulton Varsho,662139,hr,1.5,8000,,2026-06-10T14:18:01.643278+00:00
822804,2026-06-10,Daulton Varsho,662139,pitcher_h,1.5,320,,2026-06-10T14:18:00.333257+00:00
822804,2026-06-10,Daulton Varsho,662139,rbi,2.5,1800,,2026-06-10T14:18:01.304661+00:00
822804,2026-06-10,Daulton Varsho,662139,runs,1.5,650,,2026-06-10T14:18:01.822916+00:00
822804,2026-06-10,Daulton Varsho,662139,tb,5.5,2200,,2026-06-10T14:18:00.740945+00:00
822804,2026-06-10,Alec Bohm,664761,hr,1.5,9000,,2026-06-10T14:18:01.514891+00:00
822804,2026-06-10,Alec Bohm,664761,pitcher_h,2.5,950,,2026-06-10T14:18:00.270122+00:00
822804,2026-06-10,Alec Bohm,664761,rbi,2.5,1800,,2026-06-10T14:18:01.140500+00:00
822804,2026-06-10,Alec Bohm,664761,runs,0.5,125,,2026-06-10T14:18:01.722238+00:00
822804,2026-06-10,Alec Bohm,664761,tb,4.5,1000,,2026-06-10T14:18:00.453577+00:00
822804,2026-06-10,Vladimir Guerrero Jr.,665489,hr,1.5,6000,,2026-06-10T14:18:01.633541+00:00
822804,2026-06-10,Vladimir Guerrero Jr.,665489,pitcher_h,0.5,-244,,2026-06-10T14:18:01.959516+00:00
822804,2026-06-10,Vladimir Guerrero Jr.,665489,rbi,2.5,1900,,2026-06-10T14:18:01.268929+00:00
822804,2026-06-10,Vladimir Guerrero Jr.,665489,runs,0.5,-105,,2026-06-10T14:18:01.804489+00:00
822804,2026-06-10,Vladimir Guerrero Jr.,665489,tb,0.5,-233,,2026-06-10T14:18:01.938121+00:00
822804,2026-06-10,Jesús Luzardo,666200,pitcher_k,9.5,1100,,2026-06-10T14:18:01.072889+00:00
822804,2026-06-10,Adolis García,666969,hr,1.5,6000,,2026-06-10T14:18:01.485320+00:00
822804,2026-06-10,Adolis García,666969,pitcher_h,0.5,-141,,2026-06-10T14:18:01.926857+00:00
822804,2026-06-10,Adolis García,666969,rbi,0.5,200,,2026-06-10T14:18:01.111315+00:00
822804,2026-06-10,Adolis García,666969,runs,1.5,650,,2026-06-10T14:17:59.876302+00:00
822804,2026-06-10,Adolis García,666969,tb,3.5,460,,2026-06-10T14:18:00.411843+00:00
822804,2026-06-10,Brandon Marsh,669016,hr,1.5,6000,,2026-06-10T14:18:01.455744+00:00
822804,2026-06-10,Brandon Marsh,669016,pitcher_h,0.5,-303,,2026-06-10T14:18:01.950967+00:00
822804,2026-06-10,Brandon Marsh,669016,rbi,2.5,1400,,2026-06-10T14:18:01.101826+00:00
822804,2026-06-10,Brandon Marsh,669016,runs,1.5,525,,2026-06-10T14:18:01.712648+00:00
822804,2026-06-10,Brandon Marsh,669016,tb,5.5,1300,,2026-06-10T14:18:00.392265+00:00
822804,2026-06-10,Kazuma Okamoto,672960,hr,1.5,6000,,2026-06-10T14:18:01.693434+00:00
822804,2026-06-10,Kazuma Okamoto,672960,pitcher_h,2.5,1500,,2026-06-10T14:18:00.342055+00:00
822804,2026-06-10,Kazuma Okamoto,672960,rbi,0.5,170,,2026-06-10T14:18:01.401140+00:00
822804,2026-06-10,Kazuma Okamoto,672960,runs,1.5,600,,2026-06-10T14:18:01.920139+00:00
822804,2026-06-10,Kazuma Okamoto,672960,tb,5.5,1700,,2026-06-10T14:18:00.954868+00:00
822804,2026-06-10,Ernie Clement,676391,hr,0.5,1000,,2026-06-10T14:18:01.655066+00:00
822804,2026-06-10,Ernie Clement,676391,pitcher_h,2.5,1100,,2026-06-10T14:17:59.545861+00:00
822804,2026-06-10,Ernie Clement,676391,rbi,2.5,2200,,2026-06-10T14:18:01.326744+00:00
822804,2026-06-10,Ernie Clement,676391,runs,1.5,700,,2026-06-10T14:18:01.851635+00:00
822804,2026-06-10,Ernie Clement,676391,tb,5.5,2200,,2026-06-10T14:18:00.789295+00:00
822804,2026-06-10,Brandon Valenzuela,678218,hr,1.5,7000,,2026-06-10T14:18:01.676282+00:00
822804,2026-06-10,Brandon Valenzuela,678218,pitcher_h,2.5,2200,,2026-06-10T14:17:59.612969+00:00
822804,2026-06-10,Brandon Valenzuela,678218,rbi,2.5,2000,,2026-06-10T14:18:01.386680+00:00
822804,2026-06-10,Brandon Valenzuela,678218,runs,1.5,750,,2026-06-10T14:18:01.895702+00:00
822804,2026-06-10,Brandon Valenzuela,678218,tb,5.5,2500,,2026-06-10T14:18:00.903098+00:00
822804,2026-06-10,Bryson Stott,681082,hr,1.5,7000,,2026-06-10T14:18:01.538768+00:00
822804,2026-06-10,Bryson Stott,681082,pitcher_h,2.5,1100,,2026-06-10T14:17:59.436075+00:00
822804,2026-06-10,Bryson Stott,681082,rbi,2.5,1800,,2026-06-10T14:18:01.176805+00:00
822804,2026-06-10,Bryson Stott,681082,runs,1.5,550,,2026-06-10T14:18:01.742004+00:00
822804,2026-06-10,Bryson Stott,681082,tb,5.5,1900,,2026-06-10T14:18:00.496904+00:00
822804,2026-06-10,Justin Crawford,702222,hr,0.5,1000,,2026-06-10T14:18:01.703203+00:00
822804,2026-06-10,Justin Crawford,702222,pitcher_h,2.5,1300,,2026-06-10T14:17:59.667879+00:00
822804,2026-06-10,Justin Crawford,702222,rbi,1.5,900,,2026-06-10T14:18:01.430143+00:00
822804,2026-06-10,Justin Crawford,702222,runs,0.5,110,,2026-06-10T14:17:59.866409+00:00
822804,2026-06-10,Justin Crawford,702222,tb,4.5,1300,,2026-06-10T14:18:00.983805+00:00
822970,2026-06-10,Willson Contreras,575929,hr,1.5,6000,,2026-06-10T14:17:47.976403+00:00
822970,2026-06-10,Willson Contreras,575929,pitcher_h,2.5,1500,,2026-06-10T14:17:48.022878+00:00
822970,2026-06-10,Willson Contreras,575929,rbi,2.5,2000,,2026-06-10T14:17:46.202885+00:00
822970,2026-06-10,Willson Contreras,575929,runs,1.5,650,,2026-06-10T14:17:46.326469+00:00
822970,2026-06-10,Willson Contreras,575929,tb,5.5,1700,,2026-06-10T14:17:47.334942+00:00
822970,2026-06-10,Yandy Díaz,650490,hr,1.5,5000,,2026-06-10T14:17:46.514789+00:00
822970,2026-06-10,Yandy Díaz,650490,pitcher_h,2.5,700,,2026-06-10T14:17:47.916048+00:00
822970,2026-06-10,Yandy Díaz,650490,rbi,2.5,1800,,2026-06-10T14:17:46.820377+00:00
822970,2026-06-10,Yandy Díaz,650490,runs,1.5,450,,2026-06-10T14:17:46.256819+00:00
822970,2026-06-10,Yandy Díaz,650490,tb,5.5,1200,,2026-06-10T14:17:47.105542+00:00
822970,2026-06-10,Drew Rasmussen,656876,pitcher_k,4.5,-149,115,2026-06-10T14:17:47.006531+00:00
822970,2026-06-10,Nick Fortes,663743,hr,0.5,1100,,2026-06-10T14:17:46.531030+00:00
822970,2026-06-10,Nick Fortes,663743,pitcher_h,2.5,1500,,2026-06-10T14:17:47.652077+00:00
822970,2026-06-10,Nick Fortes,663743,rbi,2.5,2500,,2026-06-10T14:17:47.021889+00:00
822970,2026-06-10,Nick Fortes,663743,runs,0.5,145,,2026-06-10T14:17:46.758153+00:00
822970,2026-06-10,Nick Fortes,663743,tb,0.5,-149,,2026-06-10T14:17:47.115762+00:00
822970,2026-06-10,Jonathan Aranda,666018,hr,1.5,10000,,2026-06-10T14:17:47.946512+00:00
822970,2026-06-10,Jonathan Aranda,666018,pitcher_h,2.5,1500,,2026-06-10T14:17:47.664426+00:00
822970,2026-06-10,Jonathan Aranda,666018,rbi,2.5,1900,,2026-06-10T14:17:45.919582+00:00
822970,2026-06-10,Jonathan Aranda,666018,runs,1.5,650,,2026-06-10T14:17:46.289757+00:00
822970,2026-06-10,Jonathan Aranda,666018,tb,4.5,1200,,2026-06-10T14:17:47.145177+00:00
822970,2026-06-10,Taylor Walls,670764,hr,0.5,1000,,2026-06-10T14:17:46.523553+00:00
822970,2026-06-10,Taylor Walls,670764,pitcher_h,1.5,375,,2026-06-10T14:17:47.627733+00:00
822970,2026-06-10,Taylor Walls,670764,rbi,2.5,2800,,2026-06-10T14:17:45.892362+00:00
822970,2026-06-10,Taylor Walls,670764,runs,0.5,120,,2026-06-10T14:17:46.910083+00:00
822970,2026-06-10,Taylor Walls,670764,tb,1.5,200,,2026-06-10T14:17:46.945999+00:00
822970,2026-06-10,Wilyer Abreu,677800,hr,0.5,525,,2026-06-10T14:17:46.575963+00:00
822970,2026-06-10,Wilyer Abreu,677800,pitcher_h,2.5,1100,,2026-06-10T14:17:47.793144+00:00
822970,2026-06-10,Wilyer Abreu,677800,rbi,2.5,2200,,2026-06-10T14:17:48.056966+00:00
822970,2026-06-10,Wilyer Abreu,677800,runs,0.5,110,,2026-06-10T14:17:46.767363+00:00
822970,2026-06-10,Wilyer Abreu,677800,tb,1.5,140,,2026-06-10T14:17:47.392514+00:00
822970,2026-06-10,Ceddanne Rafaela,678882,hr,1.5,12000,,2026-06-10T14:17:46.595195+00:00
822970,2026-06-10,Ceddanne Rafaela,678882,pitcher_h,2.5,1100,,2026-06-10T14:17:47.842161+00:00
822970,2026-06-10,Ceddanne Rafaela,678882,rbi,1.5,1000,,2026-06-10T14:17:46.134510+00:00
822970,2026-06-10,Ceddanne Rafaela,678882,runs,0.5,110,,2026-06-10T14:17:46.363704+00:00
822970,2026-06-10,Ceddanne Rafaela,678882,tb,5.5,1900,,2026-06-10T14:17:47.473325+00:00
822970,2026-06-10,Jarren Duran,680776,hr,0.5,650,,2026-06-10T14:17:46.566777+00:00
822970,2026-06-10,Jarren Duran,680776,pitcher_h,0.5,-169,,2026-06-10T14:17:47.922414+00:00
822970,2026-06-10,Jarren Duran,680776,rbi,1.5,1000,,2026-06-10T14:17:48.042611+00:00
822970,2026-06-10,Jarren Duran,680776,runs,1.5,525,,2026-06-10T14:17:46.344740+00:00
822970,2026-06-10,Jarren Duran,680776,tb,5.5,1700,,2026-06-10T14:17:47.373192+00:00
822970,2026-06-10,Jake Bennett,687562,pitcher_k,2.5,-164,125,2026-06-10T14:17:47.012993+00:00
822970,2026-06-10,Junior Caminero,691406,hr,1.5,4500,,2026-06-10T14:17:47.956750+00:00
822970,2026-06-10,Junior Caminero,691406,pitcher_h,2.5,900,,2026-06-10T14:17:47.701574+00:00
822970,2026-06-10,Junior Caminero,691406,rbi,2.5,1400,,2026-06-10T14:17:48.032357+00:00
822970,2026-06-10,Junior Caminero,691406,runs,0.5,-110,,2026-06-10T14:17:46.299053+00:00
822970,2026-06-10,Junior Caminero,691406,tb,5.5,1100,,2026-06-10T14:17:47.219153+00:00
822970,2026-06-10,Marcelo Mayer,691785,hr,1.5,9000,,2026-06-10T14:17:47.985987+00:00
822970,2026-06-10,Marcelo Mayer,691785,pitcher_h,2.5,2200,,2026-06-10T14:17:47.882511+00:00
822970,2026-06-10,Marcelo Mayer,691785,rbi,0.5,300,,2026-06-10T14:17:48.066924+00:00
822970,2026-06-10,Marcelo Mayer,691785,runs,1.5,950,,2026-06-10T14:17:46.390548+00:00
822970,2026-06-10,Marcelo Mayer,691785,tb,3.5,650,,2026-06-10T14:17:47.568724+00:00
822970,2026-06-10,Caleb Durbin,702332,hr,0.5,1000,,2026-06-10T14:17:46.609387+00:00
822970,2026-06-10,Caleb Durbin,702332,pitcher_h,2.5,1700,,2026-06-10T14:17:47.928808+00:00
822970,2026-06-10,Caleb Durbin,702332,rbi,0.5,260,,2026-06-10T14:17:46.149773+00:00
822970,2026-06-10,Caleb Durbin,702332,runs,0.5,155,,2026-06-10T14:17:46.787299+00:00
822970,2026-06-10,Caleb Durbin,702332,tb,4.5,1700,,2026-06-10T14:17:47.524802+00:00
822970,2026-06-10,Chandler Simpson,802415,hr,0.5,1200,,2026-06-10T14:17:47.995469+00:00
822970,2026-06-10,Chandler Simpson,802415,pitcher_h,1.5,225,,2026-06-10T14:17:47.936903+00:00
822970,2026-06-10,Chandler Simpson,802415,rbi,2.5,2200,,2026-06-10T14:17:46.071467+00:00
822970,2026-06-10,Chandler Simpson,802415,runs,1.5,650,,2026-06-10T14:17:46.800991+00:00
822970,2026-06-10,Chandler Simpson,802415,tb,4.5,1300,,2026-06-10T14:17:48.014695+00:00
822970,2026-06-10,Masataka Yoshida,807799,hr,1.5,12000,,2026-06-10T14:17:47.908291+00:00
822970,2026-06-10,Masataka Yoshida,807799,pitcher_h,2.5,1300,,2026-06-10T14:17:47.816500+00:00
822970,2026-06-10,Masataka Yoshida,807799,rbi,1.5,1000,,2026-06-10T14:17:46.863118+00:00
822970,2026-06-10,Masataka Yoshida,807799,runs,0.5,155,,2026-06-10T14:17:46.776893+00:00
822970,2026-06-10,Masataka Yoshida,807799,tb,3.5,650,,2026-06-10T14:17:47.430228+00:00
822970,2026-06-10,Ben Williamson,810938,hr,0.5,1300,,2026-06-10T14:17:46.558833+00:00
822970,2026-06-10,Ben Williamson,810938,pitcher_h,2.5,1200,,2026-06-10T14:17:47.737411+00:00
822970,2026-06-10,Ben Williamson,810938,rbi,0.5,230,,2026-06-10T14:17:46.109173+00:00
822970,2026-06-10,Ben Williamson,810938,runs,1.5,700,,2026-06-10T14:17:46.308663+00:00
822970,2026-06-10,Ben Williamson,810938,tb,4.5,1500,,2026-06-10T14:17:47.285713+00:00
823287,2026-06-10,Eugenio Suárez,553993,hr,1.5,6000,,2026-06-10T14:17:49.631651+00:00
823287,2026-06-10,Eugenio Suárez,553993,pitcher_h,2.5,2200,,2026-06-10T14:17:50.570260+00:00
823287,2026-06-10,Eugenio Suárez,553993,rbi,1.5,650,,2026-06-10T14:17:50.445127+00:00
823287,2026-06-10,Eugenio Suárez,553993,runs,0.5,140,,2026-06-10T14:17:50.640383+00:00
823287,2026-06-10,Eugenio Suárez,553993,tb,4.5,1200,,2026-06-10T14:17:50.899007+00:00
823287,2026-06-10,Manny Machado,592518,hr,1.5,4500,,2026-06-10T14:17:49.718228+00:00
823287,2026-06-10,Manny Machado,592518,pitcher_h,2.5,1200,,2026-06-10T14:17:50.061967+00:00
823287,2026-06-10,Manny Machado,592518,rbi,1.5,500,,2026-06-10T14:17:50.607109+00:00
823287,2026-06-10,Manny Machado,592518,runs,1.5,525,,2026-06-10T14:17:49.207534+00:00
823287,2026-06-10,Manny Machado,592518,tb,3.5,375,,2026-06-10T14:17:51.131378+00:00
823287,2026-06-10,Miguel Andujar,609280,hr,0.5,575,,2026-06-10T14:17:49.727489+00:00
823287,2026-06-10,Miguel Andujar,609280,pitcher_h,2.5,1100,,2026-06-10T14:17:49.347315+00:00
823287,2026-06-10,Miguel Andujar,609280,rbi,1.5,600,,2026-06-10T14:17:50.533597+00:00
823287,2026-06-10,Miguel Andujar,609280,runs,0.5,115,,2026-06-10T14:17:50.702626+00:00
823287,2026-06-10,Miguel Andujar,609280,tb,3.5,440,,2026-06-10T14:17:51.162744+00:00
823287,2026-06-10,Michael King,650633,pitcher_k,1.5,-5000,,2026-06-10T14:17:51.316239+00:00
823287,2026-06-10,Gavin Sheets,657757,hr,1.5,4500,,2026-06-10T14:17:49.698515+00:00
823287,2026-06-10,Gavin Sheets,657757,pitcher_h,1.5,310,,2026-06-10T14:17:50.045979+00:00
823287,2026-06-10,Gavin Sheets,657757,rbi,2.5,1400,,2026-06-10T14:17:50.501149+00:00
823287,2026-06-10,Gavin Sheets,657757,runs,1.5,600,,2026-06-10T14:17:50.672684+00:00
823287,2026-06-10,Gavin Sheets,657757,tb,3.5,410,,2026-06-10T14:17:51.087241+00:00
823287,2026-06-10,Tyler Stephenson,663886,hr,1.5,8000,,2026-06-10T14:17:49.610768+00:00
823287,2026-06-10,Tyler Stephenson,663886,pitcher_h,2.5,2200,,2026-06-10T14:17:49.982913+00:00
823287,2026-06-10,Tyler Stephenson,663886,rbi,2.5,2200,,2026-06-10T14:17:50.122270+00:00
823287,2026-06-10,Tyler Stephenson,663886,runs,1.5,850,,2026-06-10T14:17:50.552637+00:00
823287,2026-06-10,Tyler Stephenson,663886,tb,4.5,1300,,2026-06-10T14:17:50.830452+00:00
823287,2026-06-10,Brady Singer,663903,pitcher_k,1.5,-1429,,2026-06-10T14:17:51.334075+00:00
823287,2026-06-10,Nathaniel Lowe,663993,hr,0.5,650,,2026-06-10T14:17:49.591901+00:00
823287,2026-06-10,Nathaniel Lowe,663993,pitcher_h,2.5,1700,,2026-06-10T14:17:49.966368+00:00
823287,2026-06-10,Nathaniel Lowe,663993,rbi,1.5,650,,2026-06-10T14:17:50.424819+00:00
823287,2026-06-10,Nathaniel Lowe,663993,runs,0.5,135,,2026-06-10T14:17:50.633019+00:00
823287,2026-06-10,Nathaniel Lowe,663993,tb,5.5,2200,,2026-06-10T14:17:50.806999+00:00
823287,2026-06-10,Ty France,664034,hr,1.5,7000,,2026-06-10T14:17:51.358815+00:00
823287,2026-06-10,Ty France,664034,pitcher_h,1.5,235,,2026-06-10T14:17:50.053949+00:00
823287,2026-06-10,Ty France,664034,rbi,1.5,600,,2026-06-10T14:17:50.591605+00:00
823287,2026-06-10,Ty France,664034,runs,1.5,525,,2026-06-10T14:17:50.692965+00:00
823287,2026-06-10,Ty France,664034,tb,5.5,1900,,2026-06-10T14:17:51.116354+00:00
823287,2026-06-10,Fernando Tatis Jr.,665487,hr,1.5,5000,,2026-06-10T14:17:51.367865+00:00
823287,2026-06-10,Fernando Tatis Jr.,665487,pitcher_h,1.5,215,,2026-06-10T14:17:50.578245+00:00
823287,2026-06-10,Fernando Tatis Jr.,665487,rbi,2.5,2000,,2026-06-10T14:17:49.045229+00:00
823287,2026-06-10,Fernando Tatis Jr.,665487,runs,0.5,-145,,2026-06-10T14:17:50.712293+00:00
823287,2026-06-10,Fernando Tatis Jr.,665487,tb,3.5,410,,2026-06-10T14:17:51.194873+00:00
823287,2026-06-10,JJ Bleday,668709,hr,1.5,4500,,2026-06-10T14:17:49.648955+00:00
823287,2026-06-10,JJ Bleday,668709,pitcher_h,2.5,1700,,2026-06-10T14:17:51.341821+00:00
823287,2026-06-10,JJ Bleday,668709,rbi,2.5,1700,,2026-06-10T14:17:50.453448+00:00
823287,2026-06-10,JJ Bleday,668709,runs,1.5,525,,2026-06-10T14:17:50.542776+00:00
823287,2026-06-10,JJ Bleday,668709,tb,4.5,800,,2026-06-10T14:17:50.931425+00:00
823287,2026-06-10,Spencer Steer,668715,hr,1.5,8000,,2026-06-10T14:17:49.658629+00:00
823287,2026-06-10,Spencer Steer,668715,pitcher_h,2.5,1500,,2026-06-10T14:17:50.023348+00:00
823287,2026-06-10,Spencer Steer,668715,rbi,2.5,2000,,2026-06-10T14:17:49.830737+00:00
823287,2026-06-10,Spencer Steer,668715,runs,1.5,650,,2026-06-10T14:17:50.649427+00:00
823287,2026-06-10,Spencer Steer,668715,tb,5.5,1900,,2026-06-10T14:17:50.967869+00:00
823287,2026-06-10,Matt McLain,680574,hr,0.5,700,,2026-06-10T14:17:50.293618+00:00
823287,2026-06-10,Matt McLain,680574,pitcher_h,0.5,-130,,2026-06-10T14:17:51.349708+00:00
823287,2026-06-10,Matt McLain,680574,rbi,1.5,800,,2026-06-10T14:17:50.461058+00:00
823287,2026-06-10,Matt McLain,680574,runs,1.5,800,,2026-06-10T14:17:50.658474+00:00
823287,2026-06-10,Matt McLain,680574,tb,4.5,1300,,2026-06-10T14:17:51.325931+00:00
823287,2026-06-10,Sal Stewart,701398,hr,0.5,525,,2026-06-10T14:17:50.308932+00:00
823287,2026-06-10,Sal Stewart,701398,pitcher_h,2.5,1300,,2026-06-10T14:17:50.180617+00:00
823287,2026-06-10,Sal Stewart,701398,rbi,1.5,600,,2026-06-10T14:17:51.307834+00:00
823287,2026-06-10,Sal Stewart,701398,runs,1.5,600,,2026-06-10T14:17:49.174990+00:00
823287,2026-06-10,Sal Stewart,701398,tb,5.5,1700,,2026-06-10T14:17:51.050813+00:00
823287,2026-06-10,Jackson Merrill,701538,hr,1.5,4500,,2026-06-10T14:17:49.748857+00:00
823287,2026-06-10,Jackson Merrill,701538,pitcher_h,2.5,1100,,2026-06-10T14:17:51.298057+00:00
823287,2026-06-10,Jackson Merrill,701538,rbi,2.5,1600,,2026-06-10T14:17:49.941784+00:00
823287,2026-06-10,Jackson Merrill,701538,runs,0.5,-125,,2026-06-10T14:17:50.722199+00:00
823287,2026-06-10,Jackson Merrill,701538,tb,5.5,1200,,2026-06-10T14:17:51.264260+00:00
823856,2026-06-10,Nolan Arenado,571448,hr,1.5,8000,,2026-06-10T14:17:57.812289+00:00
823856,2026-06-10,Nolan Arenado,571448,pitcher_h,2.5,1200,,2026-06-10T14:17:57.122129+00:00
823856,2026-06-10,Nolan Arenado,571448,rbi,1.5,575,,2026-06-10T14:17:58.075556+00:00
823856,2026-06-10,Nolan Arenado,571448,runs,0.5,125,,2026-06-10T14:17:58.360166+00:00
823856,2026-06-10,Nolan Arenado,571448,tb,3.5,550,,2026-06-10T14:17:58.571033+00:00
823856,2026-06-10,Ketel Marte,606466,hr,0.5,460,,2026-06-10T14:17:57.821008+00:00
823856,2026-06-10,Ketel Marte,606466,pitcher_h,2.5,950,,2026-06-10T14:17:57.147588+00:00
823856,2026-06-10,Ketel Marte,606466,rbi,2.5,1600,,2026-06-10T14:17:58.104289+00:00
823856,2026-06-10,Ketel Marte,606466,runs,1.5,400,,2026-06-10T14:17:58.378889+00:00
823856,2026-06-10,Ketel Marte,606466,tb,4.5,700,,2026-06-10T14:17:58.617816+00:00
823856,2026-06-10,Kyle Stowers,669065,hr,1.5,4500,,2026-06-10T14:17:57.830772+00:00
823856,2026-06-10,Kyle Stowers,669065,pitcher_h,1.5,280,,2026-06-10T14:17:57.968236+00:00
823856,2026-06-10,Kyle Stowers,669065,rbi,1.5,525,,2026-06-10T14:17:58.937052+00:00
823856,2026-06-10,Kyle Stowers,669065,runs,1.5,550,,2026-06-10T14:17:58.433318+00:00
823856,2026-06-10,Kyle Stowers,669065,tb,3.5,375,,2026-06-10T14:17:58.711068+00:00
823856,2026-06-10,Ryne Nelson,669194,pitcher_k,8.5,1200,,2026-06-10T14:17:58.352180+00:00
823856,2026-06-10,Xavier Edwards,669364,hr,1.5,12000,,2026-06-10T14:17:58.880078+00:00
823856,2026-06-10,Xavier Edwards,669364,pitcher_h,2.5,1000,,2026-06-10T14:17:57.976275+00:00
823856,2026-06-10,Xavier Edwards,669364,rbi,2.5,2200,,2026-06-10T14:17:58.325270+00:00
823856,2026-06-10,Xavier Edwards,669364,runs,0.5,120,,2026-06-10T14:17:58.451061+00:00
823856,2026-06-10,Xavier Edwards,669364,tb,5.5,2500,,2026-06-10T14:17:58.832570+00:00
823856,2026-06-10,Gabriel Moreno,672515,hr,1.5,10000,,2026-06-10T14:17:57.288703+00:00
823856,2026-06-10,Gabriel Moreno,672515,pitcher_h,1.5,215,,2026-06-10T14:17:57.907244+00:00
823856,2026-06-10,Gabriel Moreno,672515,rbi,0.5,155,,2026-06-10T14:17:58.316806+00:00
823856,2026-06-10,Gabriel Moreno,672515,runs,0.5,110,,2026-06-10T14:17:57.646785+00:00
823856,2026-06-10,Gabriel Moreno,672515,tb,3.5,550,,2026-06-10T14:17:58.637096+00:00
823856,2026-06-10,Otto Lopez,672640,hr,1.5,9000,,2026-06-10T14:17:57.840474+00:00
823856,2026-06-10,Otto Lopez,672640,pitcher_h,3.5,2800,,2026-06-10T14:17:57.211069+00:00
823856,2026-06-10,Otto Lopez,672640,rbi,2.5,2000,,2026-06-10T14:17:58.168774+00:00
823856,2026-06-10,Otto Lopez,672640,runs,1.5,475,,2026-06-10T14:17:58.057341+00:00
823856,2026-06-10,Otto Lopez,672640,tb,3.5,390,,2026-06-10T14:17:58.749997+00:00
823856,2026-06-10,Geraldo Perdomo,672695,hr,0.5,1000,,2026-06-10T14:17:57.795136+00:00
823856,2026-06-10,Geraldo Perdomo,672695,pitcher_h,1.5,320,,2026-06-10T14:17:57.099368+00:00
823856,2026-06-10,Geraldo Perdomo,672695,rbi,1.5,800,,2026-06-10T14:17:58.308545+00:00
823856,2026-06-10,Geraldo Perdomo,672695,runs,0.5,115,,2026-06-10T14:17:57.634834+00:00
823856,2026-06-10,Geraldo Perdomo,672695,tb,4.5,1300,,2026-06-10T14:17:58.516109+00:00
823856,2026-06-10,Connor Norby,681393,hr,1.5,9000,,2026-06-10T14:17:57.355499+00:00
823856,2026-06-10,Connor Norby,681393,pitcher_h,2.5,2200,,2026-06-10T14:17:57.992755+00:00
823856,2026-06-10,Connor Norby,681393,rbi,2.5,2200,,2026-06-10T14:17:58.242494+00:00
823856,2026-06-10,Connor Norby,681393,runs,1.5,850,,2026-06-10T14:17:58.470504+00:00
823856,2026-06-10,Connor Norby,681393,tb,2.5,460,,2026-06-10T14:17:58.842778+00:00
823856,2026-06-10,Corbin Carroll,682998,hr,0.5,440,,2026-06-10T14:17:57.441657+00:00
823856,2026-06-10,Corbin Carroll,682998,pitcher_h,1.5,225,,2026-06-10T14:17:57.931915+00:00
823856,2026-06-10,Corbin Carroll,682998,rbi,1.5,500,,2026-06-10T14:17:58.922464+00:00
823856,2026-06-10,Corbin Carroll,682998,runs,1.5,340,,2026-06-10T14:17:58.397025+00:00
823856,2026-06-10,Corbin Carroll,682998,tb,4.5,575,,2026-06-10T14:17:58.897468+00:00
823856,2026-06-10,Owen Caissie,683357,hr,1.5,8000,,2026-06-10T14:17:57.457192+00:00
823856,2026-06-10,Owen Caissie,683357,pitcher_h,0.5,-130,,2026-06-10T14:17:58.000474+00:00
823856,2026-06-10,Owen Caissie,683357,rbi,1.5,700,,2026-06-10T14:17:58.888391+00:00
823856,2026-06-10,Owen Caissie,683357,runs,1.5,750,,2026-06-10T14:17:58.480180+00:00
823856,2026-06-10,Owen Caissie,683357,tb,4.5,1300,,2026-06-10T14:17:58.869341+00:00
823856,2026-06-10,Jakob Marsee,805300,hr,0.5,800,,2026-06-10T14:17:58.289882+00:00
823856,2026-06-10,Jakob Marsee,805300,pitcher_h,2.5,1900,,2026-06-10T14:17:57.220246+00:00
823856,2026-06-10,Jakob Marsee,805300,rbi,1.5,700,,2026-06-10T14:17:58.951560+00:00
823856,2026-06-10,Jakob Marsee,805300,runs,1.5,600,,2026-06-10T14:17:58.441346+00:00
823856,2026-06-10,Jakob Marsee,805300,tb,5.5,2500,,2026-06-10T14:17:58.779328+00:00
823856,2026-06-10,Ryan Waldschmidt,814439,hr,0.5,1000,,2026-06-10T14:17:57.316794+00:00
823856,2026-06-10,Ryan Waldschmidt,814439,pitcher_h,2.5,1700,,2026-06-10T14:17:57.953340+00:00
823856,2026-06-10,Ryan Waldschmidt,814439,rbi,1.5,800,,2026-06-10T14:17:58.142519+00:00
823856,2026-06-10,Ryan Waldschmidt,814439,runs,1.5,700,,2026-06-10T14:17:58.412025+00:00
823856,2026-06-10,Ryan Waldschmidt,814439,tb,4.5,1500,,2026-06-10T14:17:58.691840+00:00
824103,2026-06-10,Salvador Perez,521692,hr,1.5,3500,,2026-06-10T14:18:02.559911+00:00
824103,2026-06-10,Salvador Perez,521692,pitcher_h,2.5,1000,,2026-06-10T14:18:02.881574+00:00
824103,2026-06-10,Salvador Perez,521692,rbi,3.5,2200,,2026-06-10T14:18:03.880781+00:00
824103,2026-06-10,Salvador Perez,521692,runs,0.5,105,,2026-06-10T14:18:04.545435+00:00
824103,2026-06-10,Salvador Perez,521692,tb,5.5,1100,,2026-06-10T14:18:04.113317+00:00
824103,2026-06-10,Kyle Higashioka,543309,hr,1.5,5000,,2026-06-10T14:18:03.684734+00:00
824103,2026-06-10,Kyle Higashioka,543309,pitcher_h,2.5,1300,,2026-06-10T14:18:02.990145+00:00
824103,2026-06-10,Kyle Higashioka,543309,rbi,2.5,1400,,2026-06-10T14:18:04.025545+00:00
824103,2026-06-10,Kyle Higashioka,543309,runs,0.5,100,,2026-06-10T14:18:04.790478+00:00
824103,2026-06-10,Kyle Higashioka,543309,tb,5.5,1500,,2026-06-10T14:18:04.363510+00:00
824103,2026-06-10,Joc Pederson,592626,hr,1.5,4000,,2026-06-10T14:18:03.152036+00:00
824103,2026-06-10,Joc Pederson,592626,pitcher_h,2.5,950,,2026-06-10T14:18:03.752704+00:00
824103,2026-06-10,Joc Pederson,592626,rbi,2.5,1600,,2026-06-10T14:18:03.960158+00:00
824103,2026-06-10,Joc Pederson,592626,runs,1.5,375,,2026-06-10T14:18:04.629550+00:00
824103,2026-06-10,Joc Pederson,592626,tb,3.5,340,,2026-06-10T14:18:04.206503+00:00
824103,2026-06-10,Brandon Nimmo,607043,hr,1.5,4500,,2026-06-10T14:18:03.191508+00:00
824103,2026-06-10,Brandon Nimmo,607043,pitcher_h,2.5,750,,2026-06-10T14:18:03.768778+00:00
824103,2026-06-10,Brandon Nimmo,607043,rbi,1.5,390,,2026-06-10T14:18:03.996906+00:00
824103,2026-06-10,Brandon Nimmo,607043,runs,1.5,390,,2026-06-10T14:18:04.778881+00:00
824103,2026-06-10,Brandon Nimmo,607043,tb,5.5,1100,,2026-06-10T14:18:04.300081+00:00
824103,2026-06-10,Seth Lugo,607625,pitcher_k,6.5,320,,2026-06-10T14:18:04.711818+00:00
824103,2026-06-10,Corey Seager,608369,hr,0.5,310,,2026-06-10T14:18:03.558089+00:00
824103,2026-06-10,Corey Seager,608369,pitcher_h,3.5,2500,,2026-06-10T14:18:03.760676+00:00
824103,2026-06-10,Corey Seager,608369,rbi,3.5,2200,,2026-06-10T14:18:03.979963+00:00
824103,2026-06-10,Corey Seager,608369,runs,0.5,-154,,2026-06-10T14:18:04.768882+00:00
824103,2026-06-10,Corey Seager,608369,tb,5.5,800,,2026-06-10T14:18:04.245591+00:00
824103,2026-06-10,MacKenzie Gore,669022,pitcher_k,3.5,-345,,2026-06-10T14:18:04.724031+00:00
824103,2026-06-10,Maikel Garcia,672580,hr,1.5,8000,,2026-06-10T14:18:03.121783+00:00
824103,2026-06-10,Maikel Garcia,672580,pitcher_h,1.5,215,,2026-06-10T14:18:03.718875+00:00
824103,2026-06-10,Maikel Garcia,672580,rbi,0.5,140,,2026-06-10T14:18:03.914794+00:00
824103,2026-06-10,Maikel Garcia,672580,runs,1.5,420,,2026-06-10T14:18:04.586357+00:00
824103,2026-06-10,Maikel Garcia,672580,tb,4.5,800,,2026-06-10T14:18:04.133261+00:00
824103,2026-06-10,Josh Jung,673962,hr,0.5,550,,2026-06-10T14:18:03.693174+00:00
824103,2026-06-10,Josh Jung,673962,pitcher_h,3.5,2500,,2026-06-10T14:18:03.036643+00:00
824103,2026-06-10,Josh Jung,673962,rbi,0.5,150,,2026-06-10T14:18:04.035036+00:00
824103,2026-06-10,Josh Jung,673962,runs,1.5,400,,2026-06-10T14:18:04.667473+00:00
824103,2026-06-10,Josh Jung,673962,tb,5.5,1100,,2026-06-10T14:18:04.482593+00:00
824103,2026-06-10,Ezequiel Duran,677649,hr,1.5,9000,,2026-06-10T14:18:03.229765+00:00
824103,2026-06-10,Ezequiel Duran,677649,pitcher_h,2.5,1000,,2026-06-10T14:18:03.006575+00:00
824103,2026-06-10,Ezequiel Duran,677649,rbi,0.5,170,,2026-06-10T14:18:03.383031+00:00
824103,2026-06-10,Ezequiel Duran,677649,runs,0.5,105,,2026-06-10T14:18:04.805753+00:00
824103,2026-06-10,Ezequiel Duran,677649,tb,5.5,1700,,2026-06-10T14:18:04.414691+00:00
824103,2026-06-10,Bobby Witt Jr.,677951,hr,0.5,360,,2026-06-10T14:18:03.076735+00:00
824103,2026-06-10,Bobby Witt Jr.,677951,pitcher_h,1.5,150,,2026-06-10T14:18:03.700502+00:00
824103,2026-06-10,Bobby Witt Jr.,677951,rbi,3.5,2500,,2026-06-10T14:18:03.374635+00:00
824103,2026-06-10,Bobby Witt Jr.,677951,runs,0.5,-179,,2026-06-10T14:18:04.739349+00:00
824103,2026-06-10,Bobby Witt Jr.,677951,tb,5.5,800,,2026-06-10T14:18:04.081328+00:00
824103,2026-06-10,Vinnie Pasquantino,686469,hr,1.5,7000,,2026-06-10T14:18:03.091849+00:00
824103,2026-06-10,Vinnie Pasquantino,686469,pitcher_h,2.5,1300,,2026-06-10T14:18:03.708668+00:00
824103,2026-06-10,Vinnie Pasquantino,686469,rbi,1.5,600,,2026-06-10T14:18:03.905679+00:00
824103,2026-06-10,Vinnie Pasquantino,686469,runs,0.5,115,,2026-06-10T14:18:04.557153+00:00
824103,2026-06-10,Vinnie Pasquantino,686469,tb,3.5,460,,2026-06-10T14:18:04.820547+00:00
824103,2026-06-10,Evan Carter,694497,hr,1.5,8000,,2026-06-10T14:18:03.266400+00:00
824103,2026-06-10,Evan Carter,694497,pitcher_h,2.5,1500,,2026-06-10T14:18:03.061351+00:00
824103,2026-06-10,Evan Carter,694497,rbi,1.5,600,,2026-06-10T14:18:04.044663+00:00
824103,2026-06-10,Evan Carter,694497,runs,1.5,475,,2026-06-10T14:18:04.686275+00:00
824103,2026-06-10,Evan Carter,694497,tb,5.5,1900,,2026-06-10T14:18:04.830664+00:00
824103,2026-06-10,Jac Caglianone,695506,hr,0.5,550,,2026-06-10T14:18:03.544421+00:00
824103,2026-06-10,Jac Caglianone,695506,pitcher_h,2.5,1700,,2026-06-10T14:18:03.730740+00:00
824103,2026-06-10,Jac Caglianone,695506,rbi,1.5,575,,2026-06-10T14:18:03.933804+00:00
824103,2026-06-10,Jac Caglianone,695506,runs,1.5,600,,2026-06-10T14:18:04.753917+00:00
824103,2026-06-10,Jac Caglianone,695506,tb,5.5,1900,,2026-06-10T14:18:04.157701+00:00
824266,2026-06-10,Josh Bell,605137,hr,1.5,6000,,2026-06-10T14:17:56.170499+00:00
824266,2026-06-10,Josh Bell,605137,pitcher_h,2.5,1000,,2026-06-10T14:17:56.404835+00:00
824266,2026-06-10,Josh Bell,605137,rbi,1.5,500,,2026-06-10T14:17:54.879644+00:00
824266,2026-06-10,Josh Bell,605137,runs,0.5,115,,2026-06-10T14:17:55.994896+00:00
824266,2026-06-10,Josh Bell,605137,tb,5.5,1500,,2026-06-10T14:17:56.579663+00:00
824266,2026-06-10,Victor Caratini,605170,hr,1.5,12000,,2026-06-10T14:17:56.190646+00:00
824266,2026-06-10,Victor Caratini,605170,pitcher_h,2.5,1500,,2026-06-10T14:17:56.418851+00:00
824266,2026-06-10,Victor Caratini,605170,rbi,2.5,2500,,2026-06-10T14:17:55.237158+00:00
824266,2026-06-10,Victor Caratini,605170,runs,1.5,750,,2026-06-10T14:17:56.015046+00:00
824266,2026-06-10,Victor Caratini,605170,tb,4.5,1500,,2026-06-10T14:17:55.697989+00:00
824266,2026-06-10,Byron Buxton,621439,hr,1.5,1900,,2026-06-10T14:17:56.150017+00:00
824266,2026-06-10,Byron Buxton,621439,pitcher_h,3.5,2500,,2026-06-10T14:17:56.388528+00:00
824266,2026-06-10,Byron Buxton,621439,rbi,3.5,2500,,2026-06-10T14:17:54.860564+00:00
824266,2026-06-10,Byron Buxton,621439,runs,1.5,325,,2026-06-10T14:17:55.985283+00:00
824266,2026-06-10,Byron Buxton,621439,tb,5.5,650,,2026-06-10T14:17:55.612702+00:00
824266,2026-06-10,Gleyber Torres,650402,hr,1.5,10000,,2026-06-10T14:17:54.585220+00:00
824266,2026-06-10,Gleyber Torres,650402,pitcher_h,1.5,230,,2026-06-10T14:17:56.231199+00:00
824266,2026-06-10,Gleyber Torres,650402,rbi,1.5,700,,2026-06-10T14:17:56.481660+00:00
824266,2026-06-10,Gleyber Torres,650402,runs,1.5,340,,2026-06-10T14:17:55.903310+00:00
824266,2026-06-10,Gleyber Torres,650402,tb,2.5,320,,2026-06-10T14:17:56.562109+00:00
824266,2026-06-10,Matt Vierling,663837,hr,1.5,7000,,2026-06-10T14:17:56.060346+00:00
824266,2026-06-10,Matt Vierling,663837,pitcher_h,2.5,1500,,2026-06-10T14:17:56.256181+00:00
824266,2026-06-10,Matt Vierling,663837,rbi,2.5,1400,,2026-06-10T14:17:55.152060+00:00
824266,2026-06-10,Matt Vierling,663837,runs,1.5,500,,2026-06-10T14:17:55.920950+00:00
824266,2026-06-10,Matt Vierling,663837,tb,4.5,1100,,2026-06-10T14:17:55.421907+00:00
824266,2026-06-10,Framber Valdez,664285,pitcher_k,6.5,200,,2026-06-10T14:17:56.516212+00:00
824266,2026-06-10,Kody Clemens,665019,hr,1.5,6000,,2026-06-10T14:17:56.129528+00:00
824266,2026-06-10,Kody Clemens,665019,pitcher_h,2.5,1000,,2026-06-10T14:17:56.364631+00:00
824266,2026-06-10,Kody Clemens,665019,rbi,2.5,1600,,2026-06-10T14:17:55.828279+00:00
824266,2026-06-10,Kody Clemens,665019,runs,1.5,650,,2026-06-10T14:17:55.354875+00:00
824266,2026-06-10,Kody Clemens,665019,tb,5.5,1700,,2026-06-10T14:17:56.570790+00:00
824266,2026-06-10,Austin Martin,668885,hr,1.5,12000,,2026-06-10T14:17:56.211399+00:00
824266,2026-06-10,Austin Martin,668885,pitcher_h,2.5,900,,2026-06-10T14:17:56.463927+00:00
824266,2026-06-10,Austin Martin,668885,rbi,1.5,700,,2026-06-10T14:17:55.261931+00:00
824266,2026-06-10,Austin Martin,668885,runs,1.5,475,,2026-06-10T14:17:56.032614+00:00
824266,2026-06-10,Austin Martin,668885,tb,0.5,-233,,2026-06-10T14:17:56.533271+00:00
824266,2026-06-10,Wenceel Pérez,672761,hr,1.5,7000,,2026-06-10T14:17:56.100436+00:00
824266,2026-06-10,Wenceel Pérez,672761,pitcher_h,2.5,1700,,2026-06-10T14:17:56.324331+00:00
824266,2026-06-10,Wenceel Pérez,672761,rbi,2.5,1400,,2026-06-10T14:17:55.074382+00:00
824266,2026-06-10,Wenceel Pérez,672761,runs,0.5,-105,,2026-06-10T14:17:55.948310+00:00
824266,2026-06-10,Wenceel Pérez,672761,tb,3.5,440,,2026-06-10T14:17:55.480071+00:00
824266,2026-06-10,Spencer Torkelson,679529,hr,1.5,4000,,2026-06-10T14:17:56.051224+00:00
824266,2026-06-10,Spencer Torkelson,679529,pitcher_h,2.5,1700,,2026-06-10T14:17:56.299227+00:00
824266,2026-06-10,Spencer Torkelson,679529,rbi,2.5,1200,,2026-06-10T14:17:55.210969+00:00
824266,2026-06-10,Spencer Torkelson,679529,runs,0.5,-110,,2026-06-10T14:17:55.938440+00:00
824266,2026-06-10,Spencer Torkelson,679529,tb,5.5,1500,,2026-06-10T14:17:54.378899+00:00
824266,2026-06-10,Riley Greene,682985,hr,1.5,4000,,2026-06-10T14:17:56.080878+00:00
824266,2026-06-10,Riley Greene,682985,pitcher_h,1.5,250,,2026-06-10T14:17:56.273642+00:00
824266,2026-06-10,Riley Greene,682985,rbi,3.5,2500,,2026-06-10T14:17:55.186089+00:00
824266,2026-06-10,Riley Greene,682985,runs,1.5,390,,2026-06-10T14:17:55.928593+00:00
824266,2026-06-10,Riley Greene,682985,tb,1.5,120,,2026-06-10T14:17:55.846018+00:00
824266,2026-06-10,Brooks Lee,686797,hr,0.5,700,,2026-06-10T14:17:55.317266+00:00
824266,2026-06-10,Brooks Lee,686797,pitcher_h,3.5,2500,,2026-06-10T14:17:56.441266+00:00
824266,2026-06-10,Brooks Lee,686797,rbi,2.5,1800,,2026-06-10T14:17:54.926302+00:00
824266,2026-06-10,Brooks Lee,686797,runs,1.5,525,,2026-06-10T14:17:55.818820+00:00
824266,2026-06-10,Brooks Lee,686797,tb,2.5,265,,2026-06-10T14:17:55.741986+00:00
824266,2026-06-10,Colt Keith,690993,hr,0.5,1000,,2026-06-10T14:17:56.109730+00:00
824266,2026-06-10,Colt Keith,690993,pitcher_h,0.5,-159,,2026-06-10T14:17:54.675195+00:00
824266,2026-06-10,Colt Keith,690993,rbi,0.5,250,,2026-06-10T14:17:55.224170+00:00
824266,2026-06-10,Colt Keith,690993,runs,1.5,650,,2026-06-10T14:17:56.491544+00:00
824266,2026-06-10,Colt Keith,690993,tb,4.5,1500,,2026-06-10T14:17:55.855141+00:00
824266,2026-06-10,Kevin McGonigle,805808,hr,1.5,6000,,2026-06-10T14:17:56.119679+00:00
824266,2026-06-10,Kevin McGonigle,805808,pitcher_h,1.5,215,,2026-06-10T14:17:56.339254+00:00
824266,2026-06-10,Kevin McGonigle,805808,rbi,2.5,1400,,2026-06-10T14:17:56.542771+00:00
824266,2026-06-10,Kevin McGonigle,805808,runs,1.5,360,,2026-06-10T14:17:55.966691+00:00
824266,2026-06-10,Kevin McGonigle,805808,tb,5.5,1300,,2026-06-10T14:17:55.529926+00:00
824266,2026-06-10,Luke Keaschall,807712,hr,0.5,1100,,2026-06-10T14:17:56.222165+00:00
824266,2026-06-10,Luke Keaschall,807712,pitcher_h,0.5,-204,,2026-06-10T14:17:56.472026+00:00
824266,2026-06-10,Luke Keaschall,807712,rbi,2.5,2200,,2026-06-10T14:17:54.964482+00:00
824266,2026-06-10,Luke Keaschall,807712,runs,0.5,120,,2026-06-10T14:17:56.041661+00:00
824266,2026-06-10,Luke Keaschall,807712,tb,4.5,1300,,2026-06-10T14:17:56.598796+00:00
824348,2026-06-10,Michael Lorenzen,547179,pitcher_k,4.5,200,,2026-06-10T14:18:10.569488+00:00
824348,2026-06-10,Alex Bregman,608324,hr,1.5,4500,,2026-06-10T14:18:09.615150+00:00
824348,2026-06-10,Alex Bregman,608324,pitcher_h,3.5,2200,,2026-06-10T14:18:08.955812+00:00
824348,2026-06-10,Alex Bregman,608324,rbi,3.5,2200,,2026-06-10T14:18:10.511777+00:00
824348,2026-06-10,Alex Bregman,608324,runs,0.5,-185,,2026-06-10T14:18:09.498177+00:00
824348,2026-06-10,Alex Bregman,608324,tb,5.5,1000,,2026-06-10T14:18:10.080455+00:00
824348,2026-06-10,Carson Kelly,608348,hr,1.5,6000,,2026-06-10T14:18:09.379732+00:00
824348,2026-06-10,Carson Kelly,608348,pitcher_h,1.5,190,,2026-06-10T14:18:10.593724+00:00
824348,2026-06-10,Carson Kelly,608348,rbi,1.5,390,,2026-06-10T14:18:10.625084+00:00
824348,2026-06-10,Carson Kelly,608348,runs,1.5,360,,2026-06-10T14:18:10.318106+00:00
824348,2026-06-10,Carson Kelly,608348,tb,3.5,390,,2026-06-10T14:18:10.128123+00:00
824348,2026-06-10,Dansby Swanson,621020,hr,0.5,440,,2026-06-10T14:18:09.589342+00:00
824348,2026-06-10,Dansby Swanson,621020,pitcher_h,2.5,900,,2026-06-10T14:18:08.924009+00:00
824348,2026-06-10,Dansby Swanson,621020,rbi,0.5,110,,2026-06-10T14:18:10.486520+00:00
824348,2026-06-10,Dansby Swanson,621020,runs,1.5,290,,2026-06-10T14:18:08.605596+00:00
824348,2026-06-10,Dansby Swanson,621020,tb,0.5,-233,,2026-06-10T14:18:10.646736+00:00
824348,2026-06-10,Willi Castro,650489,hr,0.5,500,,2026-06-10T14:18:09.506271+00:00
824348,2026-06-10,Willi Castro,650489,pitcher_h,3.5,2500,,2026-06-10T14:18:10.577334+00:00
824348,2026-06-10,Willi Castro,650489,rbi,2.5,1400,,2026-06-10T14:18:08.361101+00:00
824348,2026-06-10,Willi Castro,650489,runs,0.5,-125,,2026-06-10T14:18:09.468298+00:00
824348,2026-06-10,Willi Castro,650489,tb,0.5,-323,,2026-06-10T14:18:09.720469+00:00
824348,2026-06-10,Nico Hoerner,663538,hr,1.5,9000,,2026-06-10T14:18:09.581482+00:00
824348,2026-06-10,Nico Hoerner,663538,pitcher_h,3.5,1900,,2026-06-10T14:18:10.371764+00:00
824348,2026-06-10,Nico Hoerner,663538,rbi,2.5,1100,,2026-06-10T14:18:10.471583+00:00
824348,2026-06-10,Nico Hoerner,663538,runs,1.5,280,,2026-06-10T14:18:10.335891+00:00
824348,2026-06-10,Nico Hoerner,663538,tb,1.5,-115,,2026-06-10T14:18:10.412210+00:00
824348,2026-06-10,Ian Happ,664023,hr,1.5,2500,,2026-06-10T14:18:09.632932+00:00
824348,2026-06-10,Ian Happ,664023,pitcher_h,3.5,2800,,2026-06-10T14:18:09.004880+00:00
824348,2026-06-10,Ian Happ,664023,rbi,2.5,650,,2026-06-10T14:18:10.521524+00:00
824348,2026-06-10,Ian Happ,664023,runs,2.5,750,,2026-06-10T14:18:09.337242+00:00
824348,2026-06-10,Ian Happ,664023,tb,5.5,750,,2026-06-10T14:18:10.108930+00:00
824348,2026-06-10,Seiya Suzuki,673548,hr,1.5,2500,,2026-06-10T14:18:09.652407+00:00
824348,2026-06-10,Seiya Suzuki,673548,pitcher_h,1.5,145,,2026-06-10T14:18:09.232665+00:00
824348,2026-06-10,Seiya Suzuki,673548,rbi,1.5,275,,2026-06-10T14:18:10.635862+00:00
824348,2026-06-10,Seiya Suzuki,673548,runs,0.5,-164,,2026-06-10T14:18:10.345508+00:00
824348,2026-06-10,Seiya Suzuki,673548,tb,5.5,700,,2026-06-10T14:18:10.174746+00:00
824348,2026-06-10,Ezequiel Tovar,678662,hr,1.5,4500,,2026-06-10T14:18:09.524017+00:00
824348,2026-06-10,Ezequiel Tovar,678662,pitcher_h,3.5,2500,,2026-06-10T14:18:08.779027+00:00
824348,2026-06-10,Ezequiel Tovar,678662,rbi,2.5,1400,,2026-06-10T14:18:10.602506+00:00
824348,2026-06-10,Ezequiel Tovar,678662,runs,1.5,450,,2026-06-10T14:18:08.568324+00:00
824348,2026-06-10,Ezequiel Tovar,678662,tb,4.5,550,,2026-06-10T14:18:09.783520+00:00
824348,2026-06-10,TJ Rumfield,681198,hr,1.5,6000,,2026-06-10T14:18:09.543925+00:00
824348,2026-06-10,TJ Rumfield,681198,pitcher_h,2.5,750,,2026-06-10T14:18:10.585926+00:00
824348,2026-06-10,TJ Rumfield,681198,rbi,2.5,1600,,2026-06-10T14:18:10.610039+00:00
824348,2026-06-10,TJ Rumfield,681198,runs,1.5,420,,2026-06-10T14:18:09.488303+00:00
824348,2026-06-10,TJ Rumfield,681198,tb,5.5,1300,,2026-06-10T14:18:09.842997+00:00
824348,2026-06-10,Shota Imanaga,684007,pitcher_k,2.5,-1429,,2026-06-10T14:18:10.362821+00:00
824348,2026-06-10,Troy Johnston,687859,hr,1.5,6000,,2026-06-10T14:18:09.571879+00:00
824348,2026-06-10,Troy Johnston,687859,pitcher_h,2.5,800,,2026-06-10T14:18:08.894574+00:00
824348,2026-06-10,Troy Johnston,687859,rbi,0.5,145,,2026-06-10T14:18:10.442498+00:00
824348,2026-06-10,Troy Johnston,687859,runs,0.5,110,,2026-06-10T14:18:09.265677+00:00
824348,2026-06-10,Troy Johnston,687859,tb,5.5,1500,,2026-06-10T14:18:09.968427+00:00
824348,2026-06-10,Pete Crow-Armstrong,691718,hr,2.5,10000,,2026-06-10T14:18:09.680627+00:00
824348,2026-06-10,Pete Crow-Armstrong,691718,pitcher_h,3.5,1700,,2026-06-10T14:18:09.080801+00:00
824348,2026-06-10,Pete Crow-Armstrong,691718,rbi,2.5,650,,2026-06-10T14:18:09.134679+00:00
824348,2026-06-10,Pete Crow-Armstrong,691718,runs,2.5,700,,2026-06-10T14:18:08.690770+00:00
824348,2026-06-10,Pete Crow-Armstrong,691718,tb,5.5,525,,2026-06-10T14:18:10.248378+00:00
824348,2026-06-10,Kyle Karros,691720,hr,1.5,9000,,2026-06-10T14:18:09.562449+00:00
824348,2026-06-10,Kyle Karros,691720,pitcher_h,2.5,800,,2026-06-10T14:18:09.224392+00:00
824348,2026-06-10,Kyle Karros,691720,rbi,2.5,1800,,2026-06-10T14:18:08.423699+00:00
824348,2026-06-10,Kyle Karros,691720,runs,1.5,500,,2026-06-10T14:18:09.311564+00:00
824348,2026-06-10,Kyle Karros,691720,tb,4.5,900,,2026-06-10T14:18:09.930369+00:00
824348,2026-06-10,Moisés Ballesteros,694208,hr,1.5,3500,,2026-06-10T14:18:09.389044+00:00
824348,2026-06-10,Moisés Ballesteros,694208,pitcher_h,2.5,650,,2026-06-10T14:18:10.380217+00:00
824348,2026-06-10,Moisés Ballesteros,694208,rbi,2.5,900,,2026-06-10T14:18:09.366446+00:00
824348,2026-06-10,Moisés Ballesteros,694208,runs,1.5,340,,2026-06-10T14:18:08.719817+00:00
824348,2026-06-10,Moisés Ballesteros,694208,tb,4.5,575,,2026-06-10T14:18:10.258995+00:00
824348,2026-06-10,Hunter Goodman,696100,hr,1.5,1700,,2026-06-10T14:18:07.939714+00:00
824348,2026-06-10,Hunter Goodman,696100,pitcher_h,3.5,2500,,2026-06-10T14:18:08.833646+00:00
824348,2026-06-10,Hunter Goodman,696100,rbi,2.5,800,,2026-06-10T14:18:09.206190+00:00
824348,2026-06-10,Hunter Goodman,696100,runs,1.5,360,,2026-06-10T14:18:09.280343+00:00
824348,2026-06-10,Hunter Goodman,696100,tb,5.5,650,,2026-06-10T14:18:10.401530+00:00
824590,2026-06-10,Chris Sale,519242,pitcher_k,3.5,-2000,,2026-06-10T14:18:07.496422+00:00
824590,2026-06-10,Mike Yastrzemski,573262,hr,1.5,10000,,2026-06-10T14:18:07.130335+00:00
824590,2026-06-10,Mike Yastrzemski,573262,pitcher_h,2.5,1900,,2026-06-10T14:18:06.960390+00:00
824590,2026-06-10,Mike Yastrzemski,573262,rbi,2.5,2200,,2026-06-10T14:18:05.608447+00:00
824590,2026-06-10,Mike Yastrzemski,573262,runs,0.5,125,,2026-06-10T14:18:06.129142+00:00
824590,2026-06-10,Mike Yastrzemski,573262,tb,3.5,525,,2026-06-10T14:18:06.536607+00:00
824590,2026-06-10,Matt Olson,621566,hr,1.5,2500,,2026-06-10T14:18:07.368842+00:00
824590,2026-06-10,Matt Olson,621566,pitcher_h,1.5,225,,2026-06-10T14:18:07.001388+00:00
824590,2026-06-10,Matt Olson,621566,rbi,0.5,150,,2026-06-10T14:18:07.313275+00:00
824590,2026-06-10,Matt Olson,621566,runs,1.5,400,,2026-06-10T14:18:05.849543+00:00
824590,2026-06-10,Matt Olson,621566,tb,5.5,900,,2026-06-10T14:18:06.659476+00:00
824590,2026-06-10,Dominic Smith,642086,hr,1.5,7000,,2026-06-10T14:18:07.378687+00:00
824590,2026-06-10,Dominic Smith,642086,pitcher_h,2.5,1200,,2026-06-10T14:18:07.023908+00:00
824590,2026-06-10,Dominic Smith,642086,rbi,1.5,650,,2026-06-10T14:18:07.589559+00:00
824590,2026-06-10,Dominic Smith,642086,runs,0.5,120,,2026-06-10T14:18:07.541476+00:00
824590,2026-06-10,Dominic Smith,642086,tb,5.5,1900,,2026-06-10T14:18:06.744122+00:00
824590,2026-06-10,Mauricio Dubón,643289,hr,0.5,900,,2026-06-10T14:18:07.168758+00:00
824590,2026-06-10,Mauricio Dubón,643289,pitcher_h,1.5,250,,2026-06-10T14:18:07.008848+00:00
824590,2026-06-10,Mauricio Dubón,643289,rbi,2.5,2200,,2026-06-10T14:18:05.696447+00:00
824590,2026-06-10,Mauricio Dubón,643289,runs,1.5,600,,2026-06-10T14:18:05.875313+00:00
824590,2026-06-10,Mauricio Dubón,643289,tb,4.5,1100,,2026-06-10T14:18:07.464164+00:00
824590,2026-06-10,Ozzie Albies,645277,hr,1.5,5000,,2026-06-10T14:18:07.575130+00:00
824590,2026-06-10,Ozzie Albies,645277,pitcher_h,0.5,-233,,2026-06-10T14:18:06.935961+00:00
824590,2026-06-10,Ozzie Albies,645277,rbi,1.5,575,,2026-06-10T14:18:05.574691+00:00
824590,2026-06-10,Ozzie Albies,645277,runs,1.5,500,,2026-06-10T14:18:07.560818+00:00
824590,2026-06-10,Ozzie Albies,645277,tb,5.5,1500,,2026-06-10T14:18:06.499611+00:00
824590,2026-06-10,Ronald Acuña Jr.,660670,hr,1.5,4000,,2026-06-10T14:18:07.103623+00:00
824590,2026-06-10,Ronald Acuña Jr.,660670,pitcher_h,2.5,1100,,2026-06-10T14:18:05.227295+00:00
824590,2026-06-10,Ronald Acuña Jr.,660670,rbi,1.5,600,,2026-06-10T14:18:05.535356+00:00
824590,2026-06-10,Ronald Acuña Jr.,660670,runs,0.5,-154,,2026-06-10T14:18:06.119910+00:00
824590,2026-06-10,Ronald Acuña Jr.,660670,tb,4.5,700,,2026-06-10T14:18:06.422290+00:00
824590,2026-06-10,Austin Riley,663586,hr,1.5,4500,,2026-06-10T14:18:07.149512+00:00
824590,2026-06-10,Austin Riley,663586,pitcher_h,2.5,1200,,2026-06-10T14:18:06.985740+00:00
824590,2026-06-10,Austin Riley,663586,rbi,2.5,1400,,2026-06-10T14:18:05.636917+00:00
824590,2026-06-10,Austin Riley,663586,runs,1.5,550,,2026-06-10T14:18:06.066172+00:00
824590,2026-06-10,Austin Riley,663586,tb,5.5,1500,,2026-06-10T14:18:06.596495+00:00
824590,2026-06-10,Michael Harris II,671739,hr,1.5,4000,,2026-06-10T14:18:07.113815+00:00
824590,2026-06-10,Michael Harris II,671739,pitcher_h,3.5,3000,,2026-06-10T14:18:06.927660+00:00
824590,2026-06-10,Michael Harris II,671739,rbi,0.5,160,,2026-06-10T14:18:07.297765+00:00
824590,2026-06-10,Michael Harris II,671739,runs,0.5,-135,,2026-06-10T14:18:05.791656+00:00
824590,2026-06-10,Michael Harris II,671739,tb,2.5,190,,2026-06-10T14:18:07.449489+00:00
824590,2026-06-10,Tristan Peters,671976,hr,0.5,1100,,2026-06-10T14:18:07.194043+00:00
824590,2026-06-10,Tristan Peters,671976,pitcher_h,2.5,2500,,2026-06-10T14:18:07.031062+00:00
824590,2026-06-10,Tristan Peters,671976,rbi,1.5,1100,,2026-06-10T14:18:05.725827+00:00
824590,2026-06-10,Tristan Peters,671976,runs,0.5,200,,2026-06-10T14:18:05.320032+00:00
824590,2026-06-10,Tristan Peters,671976,tb,4.5,1900,,2026-06-10T14:18:07.489054+00:00
824590,2026-06-10,Miguel Vargas,678246,hr,1.5,4000,,2026-06-10T14:18:07.058830+00:00
824590,2026-06-10,Miguel Vargas,678246,pitcher_h,1.5,290,,2026-06-10T14:18:06.794271+00:00
824590,2026-06-10,Miguel Vargas,678246,rbi,0.5,170,,2026-06-10T14:18:07.244663+00:00
824590,2026-06-10,Miguel Vargas,678246,runs,1.5,500,,2026-06-10T14:18:05.746272+00:00
824590,2026-06-10,Miguel Vargas,678246,tb,3.5,340,,2026-06-10T14:18:07.631288+00:00
824590,2026-06-10,Luisangel Acuña,682668,hr,0.5,1000,,2026-06-10T14:18:07.331528+00:00
824590,2026-06-10,Luisangel Acuña,682668,pitcher_h,0.5,-141,,2026-06-10T14:18:07.639321+00:00
824590,2026-06-10,Luisangel Acuña,682668,rbi,1.5,900,,2026-06-10T14:18:07.254971+00:00
824590,2026-06-10,Luisangel Acuña,682668,runs,0.5,170,,2026-06-10T14:18:07.523494+00:00
824590,2026-06-10,Luisangel Acuña,682668,tb,4.5,1500,,2026-06-10T14:18:06.339235+00:00
824590,2026-06-10,Colson Montgomery,695657,hr,0.5,650,,2026-06-10T14:18:07.356643+00:00
824590,2026-06-10,Colson Montgomery,695657,pitcher_h,2.5,2200,,2026-06-10T14:18:06.891568+00:00
824590,2026-06-10,Colson Montgomery,695657,rbi,2.5,2500,,2026-06-10T14:18:07.284603+00:00
824590,2026-06-10,Colson Montgomery,695657,runs,1.5,700,,2026-06-10T14:18:05.782455+00:00
824590,2026-06-10,Colson Montgomery,695657,tb,3.5,550,,2026-06-10T14:18:07.420312+00:00
824590,2026-06-10,Edgar Quero,700337,hr,1.5,9000,,2026-06-10T14:18:07.083731+00:00
824590,2026-06-10,Edgar Quero,700337,pitcher_h,2.5,1700,,2026-06-10T14:18:06.842533+00:00
824590,2026-06-10,Edgar Quero,700337,rbi,0.5,275,,2026-06-10T14:18:07.263285+00:00
824590,2026-06-10,Edgar Quero,700337,runs,1.5,950,,2026-06-10T14:18:07.614651+00:00
824590,2026-06-10,Edgar Quero,700337,tb,5.5,2500,,2026-06-10T14:18:07.515845+00:00
824590,2026-06-10,Sam Antonacci,803011,hr,0.5,1000,,2026-06-10T14:18:07.340986+00:00
824590,2026-06-10,Sam Antonacci,803011,pitcher_h,0.5,-149,,2026-06-10T14:18:07.647497+00:00
824590,2026-06-10,Sam Antonacci,803011,rbi,0.5,300,,2026-06-10T14:18:07.273807+00:00
824590,2026-06-10,Sam Antonacci,803011,runs,0.5,175,,2026-06-10T14:18:05.765543+00:00
824590,2026-06-10,Sam Antonacci,803011,tb,1.5,200,,2026-06-10T14:18:07.388443+00:00
824590,2026-06-10,Chase Meidroth,805367,hr,0.5,950,,2026-06-10T14:18:07.041045+00:00
824590,2026-06-10,Chase Meidroth,805367,pitcher_h,2.5,1100,,2026-06-10T14:18:06.778607+00:00
824590,2026-06-10,Chase Meidroth,805367,rbi,1.5,1100,,2026-06-10T14:18:07.551435+00:00
824590,2026-06-10,Chase Meidroth,805367,runs,0.5,120,,2026-06-10T14:18:07.603726+00:00
824590,2026-06-10,Chase Meidroth,805367,tb,4.5,1500,,2026-06-10T14:18:06.236781+00:00
824831,2026-06-10,Taylor Ward,621493,hr,1.5,5000,,2026-06-10T14:17:52.828823+00:00
824831,2026-06-10,Taylor Ward,621493,pitcher_h,2.5,950,,2026-06-10T14:17:52.886773+00:00
824831,2026-06-10,Taylor Ward,621493,rbi,1.5,700,,2026-06-10T14:17:53.696549+00:00
824831,2026-06-10,Taylor Ward,621493,runs,1.5,390,,2026-06-10T14:17:53.526316+00:00
824831,2026-06-10,Taylor Ward,621493,tb,5.5,1300,,2026-06-10T14:17:53.097667+00:00
824831,2026-06-10,Josh Naylor,647304,hr,1.5,5000,,2026-06-10T14:17:52.105277+00:00
824831,2026-06-10,Josh Naylor,647304,pitcher_h,3.5,3000,,2026-06-10T14:17:53.497293+00:00
824831,2026-06-10,Josh Naylor,647304,rbi,0.5,135,,2026-06-10T14:17:53.283480+00:00
824831,2026-06-10,Josh Naylor,647304,runs,1.5,420,,2026-06-10T14:17:51.884912+00:00
824831,2026-06-10,Josh Naylor,647304,tb,1.5,110,,2026-06-10T14:17:53.118623+00:00
824831,2026-06-10,Randy Arozarena,668227,hr,0.5,525,,2026-06-10T14:17:52.838578+00:00
824831,2026-06-10,Randy Arozarena,668227,pitcher_h,2.5,1100,,2026-06-10T14:17:52.925316+00:00
824831,2026-06-10,Randy Arozarena,668227,rbi,1.5,525,,2026-06-10T14:17:53.464644+00:00
824831,2026-06-10,Randy Arozarena,668227,runs,1.5,420,,2026-06-10T14:17:53.588442+00:00
824831,2026-06-10,Randy Arozarena,668227,tb,2.5,250,,2026-06-10T14:17:53.689042+00:00
824831,2026-06-10,Adley Rutschman,668939,hr,1.5,7000,,2026-06-10T14:17:53.398532+00:00
824831,2026-06-10,Adley Rutschman,668939,pitcher_h,2.5,1000,,2026-06-10T14:17:52.746477+00:00
824831,2026-06-10,Adley Rutschman,668939,rbi,2.5,1600,,2026-06-10T14:17:53.231836+00:00
824831,2026-06-10,Adley Rutschman,668939,runs,1.5,500,,2026-06-10T14:17:53.516722+00:00
824831,2026-06-10,Adley Rutschman,668939,tb,0.5,-233,,2026-06-10T14:17:53.681065+00:00
824831,2026-06-10,George Kirby,669923,pitcher_k,8.5,800,,2026-06-10T14:17:53.436793+00:00
824831,2026-06-10,Luke Raley,670042,hr,1.5,3000,,2026-06-10T14:17:52.126478+00:00
824831,2026-06-10,Luke Raley,670042,pitcher_h,0.5,-189,,2026-06-10T14:17:52.965689+00:00
824831,2026-06-10,Luke Raley,670042,rbi,3.5,2500,,2026-06-10T14:17:53.327314+00:00
824831,2026-06-10,Luke Raley,670042,runs,1.5,420,,2026-06-10T14:17:51.934128+00:00
824831,2026-06-10,Luke Raley,670042,tb,5.5,1100,,2026-06-10T14:17:53.149512+00:00
824831,2026-06-10,Julio Rodríguez,677594,hr,1.5,3500,,2026-06-10T14:17:52.082261+00:00
824831,2026-06-10,Julio Rodríguez,677594,pitcher_h,3.5,2800,,2026-06-10T14:17:52.949607+00:00
824831,2026-06-10,Julio Rodríguez,677594,rbi,2.5,1400,,2026-06-10T14:17:53.476556+00:00
824831,2026-06-10,Julio Rodríguez,677594,runs,1.5,340,,2026-06-10T14:17:53.618347+00:00
824831,2026-06-10,Julio Rodríguez,677594,tb,1.5,100,,2026-06-10T14:17:53.107188+00:00
824831,2026-06-10,Gunnar Henderson,683002,hr,1.5,3500,,2026-06-10T14:17:52.033374+00:00
824831,2026-06-10,Gunnar Henderson,683002,pitcher_h,3.5,3000,,2026-06-10T14:17:53.487654+00:00
824831,2026-06-10,Gunnar Henderson,683002,rbi,0.5,145,,2026-06-10T14:17:52.658494+00:00
824831,2026-06-10,Gunnar Henderson,683002,runs,1.5,375,,2026-06-10T14:17:53.546393+00:00
824831,2026-06-10,Gunnar Henderson,683002,tb,5.5,900,,2026-06-10T14:17:52.304774+00:00
824831,2026-06-10,Dominic Canzone,686527,hr,1.5,2500,,2026-06-10T14:17:52.144381+00:00
824831,2026-06-10,Dominic Canzone,686527,pitcher_h,2.5,1100,,2026-06-10T14:17:52.999741+00:00
824831,2026-06-10,Dominic Canzone,686527,rbi,0.5,125,,2026-06-10T14:17:53.342544+00:00
824831,2026-06-10,Dominic Canzone,686527,runs,1.5,500,,2026-06-10T14:17:53.644030+00:00
824831,2026-06-10,Dominic Canzone,686527,tb,5.5,1000,,2026-06-10T14:17:52.557078+00:00
824831,2026-06-10,Brandon Young,687064,pitcher_k,4.5,-120,-110,2026-06-10T14:17:53.671454+00:00
824831,2026-06-10,Coby Mayo,691723,hr,1.5,7000,,2026-06-10T14:17:53.414987+00:00
824831,2026-06-10,Coby Mayo,691723,pitcher_h,2.5,1700,,2026-06-10T14:17:53.028877+00:00
824831,2026-06-10,Coby Mayo,691723,rbi,2.5,1900,,2026-06-10T14:17:53.389978+00:00
824831,2026-06-10,Coby Mayo,691723,runs,1.5,700,,2026-06-10T14:17:53.663173+00:00
824831,2026-06-10,Coby Mayo,691723,tb,5.5,2200,,2026-06-10T14:17:52.864671+00:00
824831,2026-06-10,Samuel Basallo,694212,hr,1.5,4500,,2026-06-10T14:17:52.054833+00:00
824831,2026-06-10,Samuel Basallo,694212,pitcher_h,0.5,-179,,2026-06-10T14:17:52.903719+00:00
824831,2026-06-10,Samuel Basallo,694212,rbi,2.5,1200,,2026-06-10T14:17:53.451031+00:00
824831,2026-06-10,Samuel Basallo,694212,runs,1.5,550,,2026-06-10T14:17:53.569937+00:00
824831,2026-06-10,Samuel Basallo,694212,tb,5.5,1500,,2026-06-10T14:17:52.362984+00:00
824831,2026-06-10,Cole Young,702284,hr,0.5,575,,2026-06-10T14:17:53.407410+00:00
824831,2026-06-10,Cole Young,702284,pitcher_h,3.5,3000,,2026-06-10T14:17:53.507164+00:00
824831,2026-06-10,Cole Young,702284,rbi,2.5,2200,,2026-06-10T14:17:53.361671+00:00
824831,2026-06-10,Cole Young,702284,runs,0.5,-130,,2026-06-10T14:17:53.653734+00:00
824831,2026-06-10,Cole Young,702284,tb,3.5,390,,2026-06-10T14:17:53.162400+00:00
824996,2026-06-10,Christian Yelich,592885,hr,1.5,2800,,2026-06-10T14:18:11.759145+00:00
824996,2026-06-10,Christian Yelich,592885,pitcher_h,3.5,1900,,2026-06-10T14:18:11.986617+00:00
824996,2026-06-10,Christian Yelich,592885,rbi,3.5,2000,,2026-06-10T14:18:11.548272+00:00
824996,2026-06-10,Christian Yelich,592885,runs,2.5,500,,2026-06-10T14:18:13.319188+00:00
824996,2026-06-10,Christian Yelich,592885,tb,4.5,410,,2026-06-10T14:18:12.290149+00:00
824996,2026-06-10,Jeff McNeil,643446,hr,1.5,12000,,2026-06-10T14:18:11.805929+00:00
824996,2026-06-10,Jeff McNeil,643446,pitcher_h,2.5,1100,,2026-06-10T14:18:12.105075+00:00
824996,2026-06-10,Jeff McNeil,643446,rbi,0.5,140,,2026-06-10T14:18:13.581267+00:00
824996,2026-06-10,Jeff McNeil,643446,runs,1.5,375,,2026-06-10T14:18:10.941390+00:00
824996,2026-06-10,Jeff McNeil,643446,tb,5.5,1900,,2026-06-10T14:18:12.531367+00:00
824996,2026-06-10,Luis Rengifo,650859,hr,1.5,8000,,2026-06-10T14:18:11.734587+00:00
824996,2026-06-10,Luis Rengifo,650859,pitcher_h,2.5,900,,2026-06-10T14:18:13.043797+00:00
824996,2026-06-10,Luis Rengifo,650859,rbi,0.5,115,,2026-06-10T14:18:12.902712+00:00
824996,2026-06-10,Luis Rengifo,650859,runs,1.5,325,,2026-06-10T14:18:13.286623+00:00
824996,2026-06-10,Luis Rengifo,650859,tb,5.5,1700,,2026-06-10T14:18:13.131719+00:00
824996,2026-06-10,William Contreras,661388,hr,1.5,3500,,2026-06-10T14:18:12.988475+00:00
824996,2026-06-10,William Contreras,661388,pitcher_h,3.5,1900,,2026-06-10T14:18:12.781798+00:00
824996,2026-06-10,William Contreras,661388,rbi,0.5,-135,,2026-06-10T14:18:13.572378+00:00
824996,2026-06-10,William Contreras,661388,runs,2.5,800,,2026-06-10T14:18:13.296420+00:00
824996,2026-06-10,William Contreras,661388,tb,5.5,800,,2026-06-10T14:18:13.139511+00:00
824996,2026-06-10,Carlos Cortes,666126,hr,0.5,290,,2026-06-10T14:18:11.890948+00:00
824996,2026-06-10,Carlos Cortes,666126,pitcher_h,3.5,2500,,2026-06-10T14:18:12.875570+00:00
824996,2026-06-10,Carlos Cortes,666126,rbi,2.5,900,,2026-06-10T14:18:13.613278+00:00
824996,2026-06-10,Carlos Cortes,666126,runs,2.5,700,,2026-06-10T14:18:13.564554+00:00
824996,2026-06-10,Carlos Cortes,666126,tb,1.5,-125,,2026-06-10T14:18:13.545862+00:00
824996,2026-06-10,David Hamilton,666152,hr,0.5,575,,2026-06-10T14:18:13.000469+00:00
824996,2026-06-10,David Hamilton,666152,pitcher_h,2.5,1200,,2026-06-10T14:18:12.068450+00:00
824996,2026-06-10,David Hamilton,666152,rbi,3.5,2500,,2026-06-10T14:18:11.701619+00:00
824996,2026-06-10,David Hamilton,666152,runs,1.5,290,,2026-06-10T14:18:13.375430+00:00
824996,2026-06-10,David Hamilton,666152,tb,5.5,1500,,2026-06-10T14:18:13.172665+00:00
824996,2026-06-10,Brent Rooker,667670,hr,2.5,10000,,2026-06-10T14:18:11.835564+00:00
824996,2026-06-10,Brent Rooker,667670,pitcher_h,2.5,700,,2026-06-10T14:18:13.051765+00:00
824996,2026-06-10,Brent Rooker,667670,rbi,3.5,1400,,2026-06-10T14:18:13.589022+00:00
824996,2026-06-10,Brent Rooker,667670,runs,2.5,850,,2026-06-10T14:18:13.404586+00:00
824996,2026-06-10,Brent Rooker,667670,tb,5.5,550,,2026-06-10T14:18:13.191567+00:00
824996,2026-06-10,Brice Turang,668930,hr,0.5,340,,2026-06-10T14:18:11.787449+00:00
824996,2026-06-10,Brice Turang,668930,pitcher_h,3.5,1900,,2026-06-10T14:18:12.044754+00:00
824996,2026-06-10,Brice Turang,668930,rbi,1.5,285,,2026-06-10T14:18:11.567494+00:00
824996,2026-06-10,Brice Turang,668930,runs,1.5,175,,2026-06-10T14:18:13.355282+00:00
824996,2026-06-10,Brice Turang,668930,tb,5.5,700,,2026-06-10T14:18:12.430342+00:00
824996,2026-06-10,Garrett Mitchell,669003,hr,1.5,3000,,2026-06-10T14:18:11.778126+00:00
824996,2026-06-10,Garrett Mitchell,669003,pitcher_h,2.5,1100,,2026-06-10T14:18:12.010589+00:00
824996,2026-06-10,Garrett Mitchell,669003,rbi,0.5,110,,2026-06-10T14:18:11.682270+00:00
824996,2026-06-10,Garrett Mitchell,669003,runs,2.5,950,,2026-06-10T14:18:13.536079+00:00
824996,2026-06-10,Garrett Mitchell,669003,tb,5.5,1000,,2026-06-10T14:18:12.356521+00:00
824996,2026-06-10,Shea Langeliers,669127,hr,0.5,185,,2026-06-10T14:18:13.015247+00:00
824996,2026-06-10,Shea Langeliers,669127,pitcher_h,3.5,2200,,2026-06-10T14:18:12.165630+00:00
824996,2026-06-10,Shea Langeliers,669127,rbi,4.5,2500,,2026-06-10T14:18:11.200381+00:00
824996,2026-06-10,Shea Langeliers,669127,runs,1.5,200,,2026-06-10T14:18:13.430357+00:00
824996,2026-06-10,Shea Langeliers,669127,tb,4.5,290,,2026-06-10T14:18:13.221969+00:00
824996,2026-06-10,Jack Perkins,678022,pitcher_k,8.5,1200,,2026-06-10T14:18:12.938153+00:00
824996,2026-06-10,Zack Gelof,680869,hr,1.5,3000,,2026-06-10T14:18:13.028181+00:00
824996,2026-06-10,Zack Gelof,680869,pitcher_h,2.5,1100,,2026-06-10T14:18:13.095361+00:00
824996,2026-06-10,Zack Gelof,680869,rbi,3.5,2500,,2026-06-10T14:18:13.601873+00:00
824996,2026-06-10,Zack Gelof,680869,runs,1.5,270,,2026-06-10T14:18:13.459941+00:00
824996,2026-06-10,Zack Gelof,680869,tb,4.5,575,,2026-06-10T14:18:13.244602+00:00
824996,2026-06-10,Brandon Sproat,687075,pitcher_k,7.5,1100,,2026-06-10T14:18:12.978472+00:00
824996,2026-06-10,Tyler Soderstrom,691016,hr,1.5,3000,,2026-06-10T14:18:11.870971+00:00
824996,2026-06-10,Tyler Soderstrom,691016,pitcher_h,1.5,160,,2026-06-10T14:18:13.071013+00:00
824996,2026-06-10,Tyler Soderstrom,691016,rbi,2.5,700,,2026-06-10T14:18:13.555246+00:00
824996,2026-06-10,Tyler Soderstrom,691016,runs,1.5,290,,2026-06-10T14:18:11.384114+00:00
824996,2026-06-10,Tyler Soderstrom,691016,tb,1.5,-125,,2026-06-10T14:18:13.236326+00:00
824996,2026-06-10,Nick Kurtz,701762,hr,2.5,7000,,2026-06-10T14:18:11.923561+00:00
824996,2026-06-10,Nick Kurtz,701762,pitcher_h,0.5,-303,,2026-06-10T14:18:13.103320+00:00
824996,2026-06-10,Nick Kurtz,701762,rbi,2.5,700,,2026-06-10T14:18:13.273582+00:00
824996,2026-06-10,Nick Kurtz,701762,runs,0.5,-345,,2026-06-10T14:18:13.622898+00:00
824996,2026-06-10,Nick Kurtz,701762,tb,3.5,160,,2026-06-10T14:18:13.253780+00:00
